entry,at,order
"-- ending hand #46 --",2022-07-29T05:14:52.688Z,165907169268802
"""Cal @ aFFqA9i1yY"" collected 1.00 from pot",2022-07-29T05:14:52.688Z,165907169268801
"Uncalled bet of 1.50 returned to ""Cal @ aFFqA9i1yY""",2022-07-29T05:14:52.688Z,165907169268800
"""Gianni @ PNMdqOx3Mf"" folds",2022-07-29T05:14:51.782Z,165907169178200
"""Cal @ aFFqA9i1yY"" raises to 2.00",2022-07-29T05:14:50.266Z,165907169026600
"The admin ""Cal @ aFFqA9i1yY"" enqueued the game stop on next hand.",2022-07-29T05:14:46.452Z,165907168645200
"""Danny Salmon @ 5tcvVo6jdw"" folds",2022-07-29T05:14:41.941Z,165907168194100
"""Gianni @ PNMdqOx3Mf"" posts a big blind of 0.50",2022-07-29T05:14:39.558Z,165907167955807
"""Cal @ aFFqA9i1yY"" posts a small blind of 0.25",2022-07-29T05:14:39.558Z,165907167955806
"Player stacks: #1 ""Gianni @ PNMdqOx3Mf"" (72.14) | #4 ""Danny Salmon @ 5tcvVo6jdw"" (58.25) | #8 ""Cal @ aFFqA9i1yY"" (35.61)",2022-07-29T05:14:39.558Z,165907167955802
"-- starting hand #46  (No Limit Texas Hold'em) (dealer: ""Danny Salmon @ 5tcvVo6jdw"") --",2022-07-29T05:14:39.558Z,165907167955801
"The player ""Robert @ zRtqW5d6Mc"" quits the game with a stack of 0.00.",2022-07-29T05:14:39.558Z,165907167955800
"-- ending hand #45 --",2022-07-29T05:14:31.538Z,165907167153802
"""Danny Salmon @ 5tcvVo6jdw"" collected 10.09 from pot with Two Pair, Q's & 10's on the second run  (combination: Q♣, Q♥, 10♠, 10♥, J♥)",2022-07-29T05:14:31.538Z,165907167153801
"""Danny Salmon @ 5tcvVo6jdw"" collected 10.09 from pot with Two Pair, Q's & 4's (combination: Q♣, Q♥, 4♣, 4♠, J♥)",2022-07-29T05:14:31.538Z,165907167153800
"River (second run): 4♣, Q♥, 10♠, 10♥ [5♠]",2022-07-29T05:14:27.504Z,165907166750400
"Turn (second run): 4♣, Q♥, 10♠ [10♥]",2022-07-29T05:14:23.498Z,165907166349800
"River: 4♣, Q♥, 10♠, 4♠ [8♦]",2022-07-29T05:14:19.443Z,165907165944300
"Turn: 4♣, Q♥, 10♠ [4♠]",2022-07-29T05:14:15.434Z,165907165543400
"""Robert @ zRtqW5d6Mc"" shows a J♣, 7♠.",2022-07-29T05:14:11.423Z,165907165142301
"""Danny Salmon @ 5tcvVo6jdw"" shows a Q♣, J♥.",2022-07-29T05:14:11.423Z,165907165142300
"All players in hand choose to run it twice.",2022-07-29T05:14:10.546Z,165907165054601
"""Robert @ zRtqW5d6Mc"" chooses to  run it twice.",2022-07-29T05:14:10.546Z,165907165054600
"""Danny Salmon @ 5tcvVo6jdw"" chooses to  run it twice.",2022-07-29T05:14:08.871Z,165907164887100
"Remaining players decide whether to run it twice.",2022-07-29T05:14:07.856Z,165907164785601
"""Robert @ zRtqW5d6Mc"" calls 7.84 and go all in",2022-07-29T05:14:07.856Z,165907164785600
"""Danny Salmon @ 5tcvVo6jdw"" raises to 7.84",2022-07-29T05:14:05.862Z,165907164586200
"""Robert @ zRtqW5d6Mc"" bets 4.50",2022-07-29T05:14:01.569Z,165907164156900
"""Danny Salmon @ 5tcvVo6jdw"" checks",2022-07-29T05:13:55.928Z,165907163592800
"Flop:  [4♣, Q♥, 10♠]",2022-07-29T05:13:53.637Z,165907163363700
"""Cal @ aFFqA9i1yY"" folds",2022-07-29T05:13:52.805Z,165907163280500
"""Danny Salmon @ 5tcvVo6jdw"" calls 2.00",2022-07-29T05:13:42.194Z,165907162219400
"""Gianni @ PNMdqOx3Mf"" folds",2022-07-29T05:13:37.385Z,165907161738500
"""Robert @ zRtqW5d6Mc"" raises to 2.00",2022-07-29T05:13:35.711Z,165907161571100
"""Cal @ aFFqA9i1yY"" posts a big blind of 0.50",2022-07-29T05:13:31.365Z,165907161136507
"""Danny Salmon @ 5tcvVo6jdw"" posts a small blind of 0.25",2022-07-29T05:13:31.365Z,165907161136506
"Your hand is J♣, 7♠",2022-07-29T05:13:31.365Z,165907161136505
"Player stacks: #1 ""Gianni @ PNMdqOx3Mf"" (72.14) | #4 ""Danny Salmon @ 5tcvVo6jdw"" (47.91) | #8 ""Cal @ aFFqA9i1yY"" (36.11) | #10 ""Robert @ zRtqW5d6Mc"" (9.84)",2022-07-29T05:13:31.365Z,165907161136501
"-- starting hand #45  (No Limit Texas Hold'em) (dealer: ""Gianni @ PNMdqOx3Mf"") --",2022-07-29T05:13:31.365Z,165907161136500
"-- ending hand #44 --",2022-07-29T05:13:28.362Z,165907160836202
"""Danny Salmon @ 5tcvVo6jdw"" collected 0.50 from pot",2022-07-29T05:13:28.362Z,165907160836201
"Uncalled bet of 0.25 returned to ""Danny Salmon @ 5tcvVo6jdw""",2022-07-29T05:13:28.362Z,165907160836200
"""Gianni @ PNMdqOx3Mf"" folds",2022-07-29T05:13:27.468Z,165907160746800
"""Robert @ zRtqW5d6Mc"" folds",2022-07-29T05:13:26.051Z,165907160605100
"""Cal @ aFFqA9i1yY"" folds",2022-07-29T05:13:25.125Z,165907160512500
"""Danny Salmon @ 5tcvVo6jdw"" posts a big blind of 0.50",2022-07-29T05:13:22.257Z,165907160225707
"""Gianni @ PNMdqOx3Mf"" posts a small blind of 0.25",2022-07-29T05:13:22.257Z,165907160225706
"Your hand is 4♣, 8♥",2022-07-29T05:13:22.257Z,165907160225705
"Player stacks: #1 ""Gianni @ PNMdqOx3Mf"" (72.39) | #4 ""Danny Salmon @ 5tcvVo6jdw"" (47.66) | #8 ""Cal @ aFFqA9i1yY"" (36.11) | #10 ""Robert @ zRtqW5d6Mc"" (9.84)",2022-07-29T05:13:22.257Z,165907160225701
"-- starting hand #44  (No Limit Texas Hold'em) (dealer: ""Robert @ zRtqW5d6Mc"") --",2022-07-29T05:13:22.257Z,165907160225700
"-- ending hand #43 --",2022-07-29T05:13:19.352Z,165907159935202
"""Danny Salmon @ 5tcvVo6jdw"" collected 1.25 from pot",2022-07-29T05:13:19.352Z,165907159935201
"Uncalled bet of 0.93 returned to ""Danny Salmon @ 5tcvVo6jdw""",2022-07-29T05:13:19.352Z,165907159935200
"""Gianni @ PNMdqOx3Mf"" folds",2022-07-29T05:13:18.491Z,165907159849100
"""Robert @ zRtqW5d6Mc"" folds",2022-07-29T05:13:16.795Z,165907159679500
"""Cal @ aFFqA9i1yY"" folds",2022-07-29T05:13:14.059Z,165907159405900
"""Danny Salmon @ 5tcvVo6jdw"" raises to 1.43",2022-07-29T05:13:13.088Z,165907159308800
"""Gianni @ PNMdqOx3Mf"" posts a big blind of 0.50",2022-07-29T05:13:10.449Z,165907159044907
"""Robert @ zRtqW5d6Mc"" posts a small blind of 0.25",2022-07-29T05:13:10.449Z,165907159044906
"Your hand is 8♥, 2♥",2022-07-29T05:13:10.449Z,165907159044905
"Player stacks: #1 ""Gianni @ PNMdqOx3Mf"" (72.89) | #4 ""Danny Salmon @ 5tcvVo6jdw"" (46.91) | #8 ""Cal @ aFFqA9i1yY"" (36.11) | #10 ""Robert @ zRtqW5d6Mc"" (10.09)",2022-07-29T05:13:10.449Z,165907159044901
"-- starting hand #43  (No Limit Texas Hold'em) (dealer: ""Cal @ aFFqA9i1yY"") --",2022-07-29T05:13:10.449Z,165907159044900
"-- ending hand #42 --",2022-07-29T05:13:07.539Z,165907158753902
"""Robert @ zRtqW5d6Mc"" collected 0.50 from pot",2022-07-29T05:13:07.539Z,165907158753901
"Uncalled bet of 0.25 returned to ""Robert @ zRtqW5d6Mc""",2022-07-29T05:13:07.539Z,165907158753900
"""Cal @ aFFqA9i1yY"" folds",2022-07-29T05:13:06.680Z,165907158668000
"""Danny Salmon @ 5tcvVo6jdw"" folds",2022-07-29T05:13:01.689Z,165907158168900
"""Gianni @ PNMdqOx3Mf"" folds",2022-07-29T05:13:00.777Z,165907158077700
"""Robert @ zRtqW5d6Mc"" posts a big blind of 0.50",2022-07-29T05:12:59.325Z,165907157932507
"""Cal @ aFFqA9i1yY"" posts a small blind of 0.25",2022-07-29T05:12:59.325Z,165907157932506
"Your hand is J♠, 7♥",2022-07-29T05:12:59.325Z,165907157932505
"Player stacks: #1 ""Gianni @ PNMdqOx3Mf"" (72.89) | #4 ""Danny Salmon @ 5tcvVo6jdw"" (46.91) | #8 ""Cal @ aFFqA9i1yY"" (36.36) | #10 ""Robert @ zRtqW5d6Mc"" (9.84)",2022-07-29T05:12:59.325Z,165907157932501
"-- starting hand #42  (No Limit Texas Hold'em) (dealer: ""Danny Salmon @ 5tcvVo6jdw"") --",2022-07-29T05:12:59.325Z,165907157932500
"-- ending hand #41 --",2022-07-29T05:12:56.319Z,165907157631902
"""Danny Salmon @ 5tcvVo6jdw"" collected 6.00 from pot",2022-07-29T05:12:56.319Z,165907157631901
"Uncalled bet of 4.50 returned to ""Danny Salmon @ 5tcvVo6jdw""",2022-07-29T05:12:56.319Z,165907157631900
"""Cal @ aFFqA9i1yY"" folds",2022-07-29T05:12:55.487Z,165907157548700
"""Danny Salmon @ 5tcvVo6jdw"" bets 4.50",2022-07-29T05:12:45.075Z,165907156507500
"River: K♠, 7♠, 8♣, 6♣ [4♥]",2022-07-29T05:12:41.301Z,165907156130100
"""Cal @ aFFqA9i1yY"" calls 2.50",2022-07-29T05:12:40.479Z,165907156047900
"""Danny Salmon @ 5tcvVo6jdw"" raises to 2.50",2022-07-29T05:12:36.109Z,165907155610900
"""Cal @ aFFqA9i1yY"" bets 1.00",2022-07-29T05:12:29.401Z,165907154940100
"""Danny Salmon @ 5tcvVo6jdw"" checks",2022-07-29T05:12:25.640Z,165907154564000
"Turn: K♠, 7♠, 8♣ [6♣]",2022-07-29T05:12:23.487Z,165907154348700
"""Cal @ aFFqA9i1yY"" checks",2022-07-29T05:12:22.580Z,165907154258000
"""Danny Salmon @ 5tcvVo6jdw"" checks",2022-07-29T05:12:14.574Z,165907153457400
"Flop:  [K♠, 7♠, 8♣]",2022-07-29T05:12:12.880Z,165907153288000
"""Cal @ aFFqA9i1yY"" checks",2022-07-29T05:12:12.051Z,165907153205100
"""Danny Salmon @ 5tcvVo6jdw"" calls 0.50",2022-07-29T05:12:08.421Z,165907152842100
"""Gianni @ PNMdqOx3Mf"" folds",2022-07-29T05:12:07.497Z,165907152749700
"""Robert @ zRtqW5d6Mc"" folds",2022-07-29T05:11:58.628Z,165907151862800
"""Cal @ aFFqA9i1yY"" posts a big blind of 0.50",2022-07-29T05:11:57.094Z,165907151709407
"""Danny Salmon @ 5tcvVo6jdw"" posts a small blind of 0.25",2022-07-29T05:11:57.094Z,165907151709406
"Your hand is 8♥, J♦",2022-07-29T05:11:57.094Z,165907151709405
"Player stacks: #1 ""Gianni @ PNMdqOx3Mf"" (72.89) | #4 ""Danny Salmon @ 5tcvVo6jdw"" (43.91) | #8 ""Cal @ aFFqA9i1yY"" (39.36) | #10 ""Robert @ zRtqW5d6Mc"" (9.84)",2022-07-29T05:11:57.094Z,165907151709401
"-- starting hand #41  (No Limit Texas Hold'em) (dealer: ""Gianni @ PNMdqOx3Mf"") --",2022-07-29T05:11:57.094Z,165907151709400
"-- ending hand #40 --",2022-07-29T05:11:51.089Z,165907151108903
"""Robert @ zRtqW5d6Mc"" shows a 10♦, J♦.",2022-07-29T05:11:51.089Z,165907151108902
"""Gianni @ PNMdqOx3Mf"" collected 28.00 from pot with Pair, 6's (combination: 6♠, 6♣, K♦, 9♠, 7♣)",2022-07-29T05:11:51.089Z,165907151108901
"""Gianni @ PNMdqOx3Mf"" shows a 6♠, 6♣.",2022-07-29T05:11:51.089Z,165907151108900
"""Gianni @ PNMdqOx3Mf"" calls 5.50",2022-07-29T05:11:50.257Z,165907151025700
"""Robert @ zRtqW5d6Mc"" bets 5.50",2022-07-29T05:11:32.760Z,165907149276000
"""Gianni @ PNMdqOx3Mf"" checks",2022-07-29T05:11:17.429Z,165907147742900
"River: 4♦, 3♠, 9♠, K♦ [7♣]",2022-07-29T05:11:12.184Z,165907147218400
"""Robert @ zRtqW5d6Mc"" calls 4.25",2022-07-29T05:11:11.286Z,165907147128600
"""Gianni @ PNMdqOx3Mf"" bets 4.25",2022-07-29T05:11:10.063Z,165907147006300
"Turn: 4♦, 3♠, 9♠ [K♦]",2022-07-29T05:11:04.579Z,165907146457900
"""Gianni @ PNMdqOx3Mf"" calls 2.00",2022-07-29T05:11:03.741Z,165907146374100
"""Robert @ zRtqW5d6Mc"" bets 2.00",2022-07-29T05:10:59.293Z,165907145929300
"""Gianni @ PNMdqOx3Mf"" checks",2022-07-29T05:10:53.366Z,165907145336600
"Flop:  [4♦, 3♠, 9♠]",2022-07-29T05:10:49.742Z,165907144974200
"""Danny Salmon @ 5tcvVo6jdw"" folds",2022-07-29T05:10:48.845Z,165907144884500
"""Gianni @ PNMdqOx3Mf"" calls 2.00",2022-07-29T05:10:47.921Z,165907144792100
"""Robert @ zRtqW5d6Mc"" raises to 2.00",2022-07-29T05:10:46.421Z,165907144642100
"""Cal @ aFFqA9i1yY"" folds",2022-07-29T05:10:42.994Z,165907144299400
"""Danny Salmon @ 5tcvVo6jdw"" posts a big blind of 0.50",2022-07-29T05:10:40.932Z,165907144093207
"""Gianni @ PNMdqOx3Mf"" posts a small blind of 0.25",2022-07-29T05:10:40.932Z,165907144093206
"Your hand is 10♦, J♦",2022-07-29T05:10:40.932Z,165907144093205
"Player stacks: #1 ""Gianni @ PNMdqOx3Mf"" (58.64) | #4 ""Danny Salmon @ 5tcvVo6jdw"" (44.41) | #8 ""Cal @ aFFqA9i1yY"" (39.36) | #10 ""Robert @ zRtqW5d6Mc"" (23.59)",2022-07-29T05:10:40.932Z,165907144093201
"-- starting hand #40  (No Limit Texas Hold'em) (dealer: ""Robert @ zRtqW5d6Mc"") --",2022-07-29T05:10:40.932Z,165907144093200
"-- ending hand #39 --",2022-07-29T05:10:37.936Z,165907143793602
"""Gianni @ PNMdqOx3Mf"" collected 3.00 from pot",2022-07-29T05:10:37.936Z,165907143793601
"Uncalled bet of 2.00 returned to ""Gianni @ PNMdqOx3Mf""",2022-07-29T05:10:37.936Z,165907143793600
"""Robert @ zRtqW5d6Mc"" folds",2022-07-29T05:10:37.103Z,165907143710300
"""Gianni @ PNMdqOx3Mf"" bets 2.00",2022-07-29T05:10:35.430Z,165907143543000
"""Robert @ zRtqW5d6Mc"" checks",2022-07-29T05:10:31.173Z,165907143117300
"Turn: J♠, Q♦, J♦ [2♥]",2022-07-29T05:10:27.720Z,165907142772000
"""Gianni @ PNMdqOx3Mf"" checks",2022-07-29T05:10:26.855Z,165907142685500
"""Robert @ zRtqW5d6Mc"" checks",2022-07-29T05:10:19.664Z,165907141966400
"Flop:  [J♠, Q♦, J♦]",2022-07-29T05:10:15.968Z,165907141596800
"""Gianni @ PNMdqOx3Mf"" calls 1.50",2022-07-29T05:10:15.136Z,165907141513600
"""Robert @ zRtqW5d6Mc"" raises to 1.50",2022-07-29T05:10:13.217Z,165907141321700
"""Cal @ aFFqA9i1yY"" folds",2022-07-29T05:10:08.049Z,165907140804900
"""Danny Salmon @ 5tcvVo6jdw"" folds",2022-07-29T05:10:07.111Z,165907140711100
"""Gianni @ PNMdqOx3Mf"" posts a big blind of 0.50",2022-07-29T05:10:02.901Z,165907140290107
"""Robert @ zRtqW5d6Mc"" posts a small blind of 0.25",2022-07-29T05:10:02.901Z,165907140290106
"Your hand is 10♦, 7♥",2022-07-29T05:10:02.901Z,165907140290105
"Player stacks: #1 ""Gianni @ PNMdqOx3Mf"" (57.14) | #4 ""Danny Salmon @ 5tcvVo6jdw"" (44.41) | #8 ""Cal @ aFFqA9i1yY"" (39.36) | #10 ""Robert @ zRtqW5d6Mc"" (25.09)",2022-07-29T05:10:02.901Z,165907140290101
"-- starting hand #39  (No Limit Texas Hold'em) (dealer: ""Cal @ aFFqA9i1yY"") --",2022-07-29T05:10:02.901Z,165907140290100
"-- ending hand #38 --",2022-07-29T05:09:59.964Z,165907139996402
"""Gianni @ PNMdqOx3Mf"" collected 7.50 from pot",2022-07-29T05:09:59.964Z,165907139996401
"Uncalled bet of 2.00 returned to ""Gianni @ PNMdqOx3Mf""",2022-07-29T05:09:59.964Z,165907139996400
"""Cal @ aFFqA9i1yY"" folds",2022-07-29T05:09:59.122Z,165907139912200
"""Gianni @ PNMdqOx3Mf"" bets 2.00",2022-07-29T05:09:41.938Z,165907138193800
"""Cal @ aFFqA9i1yY"" checks",2022-07-29T05:09:34.169Z,165907137416900
"Turn: 10♣, 8♣, 6♠ [K♣]",2022-07-29T05:09:31.878Z,165907137187800
"""Cal @ aFFqA9i1yY"" calls 1.50",2022-07-29T05:09:31.074Z,165907137107400
"""Gianni @ PNMdqOx3Mf"" bets 1.50",2022-07-29T05:09:28.162Z,165907136816200
"""Cal @ aFFqA9i1yY"" checks",2022-07-29T05:09:20.244Z,165907136024400
"Flop:  [10♣, 8♣, 6♠]",2022-07-29T05:09:18.029Z,165907135802900
"""Robert @ zRtqW5d6Mc"" folds",2022-07-29T05:09:17.130Z,165907135713000
"""Cal @ aFFqA9i1yY"" calls 2.00",2022-07-29T05:09:16.138Z,165907135613800
"""Danny Salmon @ 5tcvVo6jdw"" folds",2022-07-29T05:09:11.739Z,165907135173900
"""Gianni @ PNMdqOx3Mf"" raises to 2.00",2022-07-29T05:09:07.795Z,165907134779500
"""Robert @ zRtqW5d6Mc"" posts a big blind of 0.50",2022-07-29T05:09:04.012Z,165907134401208
"""Cal @ aFFqA9i1yY"" posts a small blind of 0.25",2022-07-29T05:09:04.012Z,165907134401207
"Your hand is 3♥, J♠",2022-07-29T05:09:04.012Z,165907134401206
"Player stacks: #1 ""Gianni @ PNMdqOx3Mf"" (53.14) | #4 ""Danny Salmon @ 5tcvVo6jdw"" (44.41) | #8 ""Cal @ aFFqA9i1yY"" (42.86) | #10 ""Robert @ zRtqW5d6Mc"" (25.59)",2022-07-29T05:09:04.012Z,165907134401202
"-- starting hand #38  (No Limit Texas Hold'em) (dealer: ""Danny Salmon @ 5tcvVo6jdw"") --",2022-07-29T05:09:04.012Z,165907134401201
"The admin updated the player ""Cal @ aFFqA9i1yY"" stack from 12.86 to 42.86.",2022-07-29T05:09:04.012Z,165907134401200
"-- ending hand #37 --",2022-07-29T05:09:01.004Z,165907134100402
"""Robert @ zRtqW5d6Mc"" collected 1.25 from pot",2022-07-29T05:09:01.004Z,165907134100401
"Uncalled bet of 1.25 returned to ""Robert @ zRtqW5d6Mc""",2022-07-29T05:09:01.004Z,165907134100400
"""Cal @ aFFqA9i1yY"" folds",2022-07-29T05:09:00.125Z,165907134012500
"""Robert @ zRtqW5d6Mc"" bets 1.25",2022-07-29T05:08:56.417Z,165907133641700
"""Cal @ aFFqA9i1yY"" checks",2022-07-29T05:08:52.993Z,165907133299300
"Flop:  [A♦, 7♦, 7♥]",2022-07-29T05:08:50.197Z,165907133019700
"""Cal @ aFFqA9i1yY"" checks",2022-07-29T05:08:49.371Z,165907132937100
"""Danny Salmon @ 5tcvVo6jdw"" folds",2022-07-29T05:08:45.689Z,165907132568900
"""Gianni @ PNMdqOx3Mf"" folds",2022-07-29T05:08:44.737Z,165907132473700
"WARNING: the admin queued the stack change for the player ""Cal @ aFFqA9i1yY"" adding 30.00 chips in the next hand.",2022-07-29T05:08:44.433Z,165907132443300
"""Robert @ zRtqW5d6Mc"" calls 0.50",2022-07-29T05:08:43.306Z,165907132330600
"""Cal @ aFFqA9i1yY"" posts a big blind of 0.50",2022-07-29T05:08:40.389Z,165907132038907
"""Danny Salmon @ 5tcvVo6jdw"" posts a small blind of 0.25",2022-07-29T05:08:40.389Z,165907132038906
"Your hand is K♣, 10♠",2022-07-29T05:08:40.389Z,165907132038905
"Player stacks: #1 ""Gianni @ PNMdqOx3Mf"" (53.14) | #4 ""Danny Salmon @ 5tcvVo6jdw"" (44.66) | #8 ""Cal @ aFFqA9i1yY"" (13.36) | #10 ""Robert @ zRtqW5d6Mc"" (24.84)",2022-07-29T05:08:40.389Z,165907132038901
"-- starting hand #37  (No Limit Texas Hold'em) (dead button) --",2022-07-29T05:08:40.389Z,165907132038900
"-- ending hand #36 --",2022-07-29T05:08:37.387Z,165907131738702
"""Danny Salmon @ 5tcvVo6jdw"" collected 8.00 from pot",2022-07-29T05:08:37.387Z,165907131738701
"Uncalled bet of 4.00 returned to ""Danny Salmon @ 5tcvVo6jdw""",2022-07-29T05:08:37.387Z,165907131738700
"""Cal @ aFFqA9i1yY"" folds",2022-07-29T05:08:36.535Z,165907131653500
"""Danny Salmon @ 5tcvVo6jdw"" bets 4.00",2022-07-29T05:08:28.641Z,165907130864100
"River: 10♣, 7♦, 8♠, 7♠ [K♦]",2022-07-29T05:08:25.583Z,165907130558300
"""Cal @ aFFqA9i1yY"" checks",2022-07-29T05:08:24.696Z,165907130469600
"""Danny Salmon @ 5tcvVo6jdw"" checks",2022-07-29T05:08:19.541Z,165907129954100
"Turn: 10♣, 7♦, 8♠ [7♠]",2022-07-29T05:08:15.963Z,165907129596300
"""Danny Salmon @ 5tcvVo6jdw"" calls 2.00",2022-07-29T05:08:15.058Z,165907129505800
"""Cal @ aFFqA9i1yY"" bets 2.00",2022-07-29T05:08:11.989Z,165907129198900
"""Danny Salmon @ 5tcvVo6jdw"" checks",2022-07-29T05:08:08.267Z,165907128826700
"Flop:  [10♣, 7♦, 8♠]",2022-07-29T05:08:06.553Z,165907128655300
"""Danny Salmon @ 5tcvVo6jdw"" calls 2.00",2022-07-29T05:08:05.648Z,165907128564800
"""Gianni @ PNMdqOx3Mf"" folds",2022-07-29T05:08:04.630Z,165907128463000
"""Robert @ zRtqW5d6Mc"" folds",2022-07-29T05:08:01.664Z,165907128166400
"""Cal @ aFFqA9i1yY"" raises to 2.00",2022-07-29T05:08:00.648Z,165907128064800
"""Danny Salmon @ 5tcvVo6jdw"" posts a big blind of 0.50",2022-07-29T05:07:56.551Z,165907127655108
"Dead Small Blind",2022-07-29T05:07:56.551Z,165907127655107
"Your hand is 10♠, 3♦",2022-07-29T05:07:56.551Z,165907127655106
"Player stacks: #1 ""Gianni @ PNMdqOx3Mf"" (53.14) | #4 ""Danny Salmon @ 5tcvVo6jdw"" (40.66) | #8 ""Cal @ aFFqA9i1yY"" (17.36) | #10 ""Robert @ zRtqW5d6Mc"" (24.84)",2022-07-29T05:07:56.551Z,165907127655102
"-- starting hand #36  (No Limit Texas Hold'em) (dealer: ""Gianni @ PNMdqOx3Mf"") --",2022-07-29T05:07:56.551Z,165907127655101
"The player ""Ryan Mirdadian @ YfVSqmNcRx"" quits the game with a stack of 0.00.",2022-07-29T05:07:56.551Z,165907127655100
"""Ryan Mirdadian @ YfVSqmNcRx"" shows a 9♠, A♥.",2022-07-29T05:07:51.901Z,165907127190100
"""Cal @ aFFqA9i1yY"" shows a 9♣, Q♣.",2022-07-29T05:07:51.431Z,165907127143100
"-- ending hand #35 --",2022-07-29T05:07:49.534Z,165907126953403
"""Danny Salmon @ 5tcvVo6jdw"" collected 21.28 from pot with Three of a Kind, Q's (combination: Q♦, Q♠, Q♥, J♠, 6♥)",2022-07-29T05:07:49.534Z,165907126953402
"""Danny Salmon @ 5tcvVo6jdw"" collected 4.60 from pot with Three of a Kind, Q's (combination: Q♦, Q♠, Q♥, J♠, 6♥)",2022-07-29T05:07:49.534Z,165907126953401
"""Danny Salmon @ 5tcvVo6jdw"" shows a J♠, Q♦.",2022-07-29T05:07:49.534Z,165907126953400
"""Gianni @ PNMdqOx3Mf"" folds",2022-07-29T05:07:48.627Z,165907126862700
"""Cal @ aFFqA9i1yY"" calls 6.47",2022-07-29T05:07:45.854Z,165907126585400
"""Danny Salmon @ 5tcvVo6jdw"" bets 6.47",2022-07-29T05:07:38.633Z,165907125863300
"""Gianni @ PNMdqOx3Mf"" checks",2022-07-29T05:07:35.969Z,165907125596900
"River: 3♠, 4♣, Q♠, 6♥ [Q♥]",2022-07-29T05:07:33.511Z,165907125351100
"""Cal @ aFFqA9i1yY"" checks",2022-07-29T05:07:32.593Z,165907125259300
"""Danny Salmon @ 5tcvVo6jdw"" checks",2022-07-29T05:07:30.728Z,165907125072800
"""Gianni @ PNMdqOx3Mf"" checks",2022-07-29T05:07:29.424Z,165907124942400
"Turn: 3♠, 4♣, Q♠ [6♥]",2022-07-29T05:07:23.391Z,165907124339100
"""Cal @ aFFqA9i1yY"" calls 2.50",2022-07-29T05:07:22.584Z,165907124258400
"""Danny Salmon @ 5tcvVo6jdw"" calls 2.50",2022-07-29T05:07:19.320Z,165907123932000
"""Gianni @ PNMdqOx3Mf"" raises to 2.50",2022-07-29T05:07:17.901Z,165907123790100
"""Cal @ aFFqA9i1yY"" raises to 1.50",2022-07-29T05:07:15.543Z,165907123554300
"""Danny Salmon @ 5tcvVo6jdw"" bets 0.50",2022-07-29T05:07:11.312Z,165907123131200
"""Gianni @ PNMdqOx3Mf"" checks",2022-07-29T05:07:06.194Z,165907122619400
"Flop:  [3♠, 4♣, Q♠]",2022-07-29T05:06:58.694Z,165907121869400
"""Ryan Mirdadian @ YfVSqmNcRx"" calls 1.15 and go all in",2022-07-29T05:06:57.866Z,165907121786600
"""Gianni @ PNMdqOx3Mf"" calls 1.43",2022-07-29T05:06:56.918Z,165907121691800
"""Robert @ zRtqW5d6Mc"" folds",2022-07-29T05:06:55.394Z,165907121539400
"""Cal @ aFFqA9i1yY"" calls 1.43",2022-07-29T05:06:54.438Z,165907121443800
"""Danny Salmon @ 5tcvVo6jdw"" raises to 1.43",2022-07-29T05:06:48.620Z,165907120862000
"""Ryan Mirdadian @ YfVSqmNcRx"" posts a big blind of 0.50",2022-07-29T05:06:43.333Z,165907120333308
"""Gianni @ PNMdqOx3Mf"" posts a small blind of 0.25",2022-07-29T05:06:43.333Z,165907120333307
"Your hand is 9♦, 7♠",2022-07-29T05:06:43.333Z,165907120333306
"Player stacks: #1 ""Gianni @ PNMdqOx3Mf"" (57.07) | #2 ""Ryan Mirdadian @ YfVSqmNcRx"" (1.15) | #4 ""Danny Salmon @ 5tcvVo6jdw"" (25.18) | #8 ""Cal @ aFFqA9i1yY"" (27.76) | #10 ""Robert @ zRtqW5d6Mc"" (24.84)",2022-07-29T05:06:43.333Z,165907120333301
"-- starting hand #35  (No Limit Texas Hold'em) (dealer: ""Robert @ zRtqW5d6Mc"") --",2022-07-29T05:06:43.333Z,165907120333300
"""Ryan Mirdadian @ YfVSqmNcRx"" shows a 4♥, Q♦.",2022-07-29T05:06:40.297Z,165907120029700
"-- ending hand #34 --",2022-07-29T05:06:39.665Z,165907119966502
"""Danny Salmon @ 5tcvVo6jdw"" collected 18.75 from pot",2022-07-29T05:06:39.665Z,165907119966501
"Uncalled bet of 6.43 returned to ""Danny Salmon @ 5tcvVo6jdw""",2022-07-29T05:06:39.665Z,165907119966500
"""Gianni @ PNMdqOx3Mf"" folds",2022-07-29T05:06:38.845Z,165907119884500
"""Danny Salmon @ 5tcvVo6jdw"" raises to 12.68 and go all in",2022-07-29T05:06:28.493Z,165907118849300
"""Gianni @ PNMdqOx3Mf"" bets 6.25",2022-07-29T05:06:23.493Z,165907118349300
"River: Q♣, 4♠, 10♠, 8♣ [K♣]",2022-07-29T05:06:18.885Z,165907117888500
"""Danny Salmon @ 5tcvVo6jdw"" calls 2.00",2022-07-29T05:06:18.057Z,165907117805700
"""Gianni @ PNMdqOx3Mf"" bets 2.00",2022-07-29T05:06:14.826Z,165907117482600
"Turn: Q♣, 4♠, 10♠ [8♣]",2022-07-29T05:06:06.437Z,165907116643700
"""Danny Salmon @ 5tcvVo6jdw"" checks",2022-07-29T05:06:05.519Z,165907116551900
"""Gianni @ PNMdqOx3Mf"" checks",2022-07-29T05:06:02.985Z,165907116298500
"Flop:  [Q♣, 4♠, 10♠]",2022-07-29T05:06:00.029Z,165907116002900
"""Danny Salmon @ 5tcvVo6jdw"" calls 1.00",2022-07-29T05:05:59.140Z,165907115914000
"""Gianni @ PNMdqOx3Mf"" raises to 1.00",2022-07-29T05:05:57.929Z,165907115792900
"""Robert @ zRtqW5d6Mc"" folds",2022-07-29T05:05:53.330Z,165907115333000
"""Cal @ aFFqA9i1yY"" folds",2022-07-29T05:05:52.327Z,165907115232700
"""Danny Salmon @ 5tcvVo6jdw"" calls 0.50",2022-07-29T05:05:51.302Z,165907115130200
"""Ryan Mirdadian @ YfVSqmNcRx"" folds",2022-07-29T05:05:50.403Z,165907115040300
"""Gianni @ PNMdqOx3Mf"" posts a big blind of 0.50",2022-07-29T05:05:43.597Z,165907114359708
"""Robert @ zRtqW5d6Mc"" posts a small blind of 0.25",2022-07-29T05:05:43.597Z,165907114359707
"Your hand is 8♥, 2♣",2022-07-29T05:05:43.597Z,165907114359706
"Player stacks: #1 ""Gianni @ PNMdqOx3Mf"" (66.32) | #2 ""Ryan Mirdadian @ YfVSqmNcRx"" (1.15) | #4 ""Danny Salmon @ 5tcvVo6jdw"" (15.68) | #8 ""Cal @ aFFqA9i1yY"" (27.76) | #10 ""Robert @ zRtqW5d6Mc"" (25.09)",2022-07-29T05:05:43.597Z,165907114359701
"-- starting hand #34  (No Limit Texas Hold'em) (dealer: ""Cal @ aFFqA9i1yY"") --",2022-07-29T05:05:43.597Z,165907114359700
"""Ryan Mirdadian @ YfVSqmNcRx"" shows a 5♥, 2♣.",2022-07-29T05:05:38.399Z,165907113839900
"-- ending hand #33 --",2022-07-29T05:05:36.995Z,165907113699503
"""Cal @ aFFqA9i1yY"" shows a 7♦, A♥.",2022-07-29T05:05:36.995Z,165907113699502
"""Robert @ zRtqW5d6Mc"" collected 6.00 from pot with Pair, 4's (combination: 4♣, 4♦, A♣, J♣, 10♥)",2022-07-29T05:05:36.995Z,165907113699501
"""Robert @ zRtqW5d6Mc"" shows a J♣, A♣.",2022-07-29T05:05:36.995Z,165907113699500
"""Robert @ zRtqW5d6Mc"" checks",2022-07-29T05:05:36.158Z,165907113615800
"""Cal @ aFFqA9i1yY"" checks",2022-07-29T05:05:32.498Z,165907113249800
"River: 8♥, 9♣, 4♣, 10♥ [4♦]",2022-07-29T05:05:19.185Z,165907111918500
"""Robert @ zRtqW5d6Mc"" calls 1.50",2022-07-29T05:05:18.380Z,165907111838000
"""Cal @ aFFqA9i1yY"" bets 1.50",2022-07-29T05:05:17.030Z,165907111703000
"Turn: 8♥, 9♣, 4♣ [10♥]",2022-07-29T05:05:10.554Z,165907111055400
"""Robert @ zRtqW5d6Mc"" checks",2022-07-29T05:05:09.695Z,165907110969500
"""Cal @ aFFqA9i1yY"" checks",2022-07-29T05:05:08.214Z,165907110821400
"Flop:  [8♥, 9♣, 4♣]",2022-07-29T05:05:04.761Z,165907110476100
"""Cal @ aFFqA9i1yY"" calls 1.50",2022-07-29T05:05:03.939Z,165907110393900
"""Robert @ zRtqW5d6Mc"" raises to 1.50",2022-07-29T05:05:00.068Z,165907110006800
"""Cal @ aFFqA9i1yY"" calls 0.50",2022-07-29T05:04:54.549Z,165907109454900
"""Danny Salmon @ 5tcvVo6jdw"" folds",2022-07-29T05:04:49.238Z,165907108923800
"""Ryan Mirdadian @ YfVSqmNcRx"" folds",2022-07-29T05:04:48.314Z,165907108831400
"""Gianni @ PNMdqOx3Mf"" folds",2022-07-29T05:04:47.342Z,165907108734200
"""Robert @ zRtqW5d6Mc"" posts a big blind of 0.50",2022-07-29T05:04:45.320Z,165907108532008
"""Cal @ aFFqA9i1yY"" posts a small blind of 0.25",2022-07-29T05:04:45.320Z,165907108532007
"Your hand is J♣, A♣",2022-07-29T05:04:45.320Z,165907108532006
"Player stacks: #1 ""Gianni @ PNMdqOx3Mf"" (66.32) | #2 ""Ryan Mirdadian @ YfVSqmNcRx"" (1.15) | #4 ""Danny Salmon @ 5tcvVo6jdw"" (15.68) | #8 ""Cal @ aFFqA9i1yY"" (30.76) | #10 ""Robert @ zRtqW5d6Mc"" (22.09)",2022-07-29T05:04:45.320Z,165907108532001
"-- starting hand #33  (No Limit Texas Hold'em) (dealer: ""Danny Salmon @ 5tcvVo6jdw"") --",2022-07-29T05:04:45.320Z,165907108532000
"-- ending hand #32 --",2022-07-29T05:04:42.387Z,165907108238702
"""Cal @ aFFqA9i1yY"" collected 7.50 from pot",2022-07-29T05:04:42.387Z,165907108238701
"Uncalled bet of 3.37 returned to ""Cal @ aFFqA9i1yY""",2022-07-29T05:04:42.387Z,165907108238700
"""Danny Salmon @ 5tcvVo6jdw"" folds",2022-07-29T05:04:41.548Z,165907108154800
"""Cal @ aFFqA9i1yY"" raises to 5.62",2022-07-29T05:04:36.250Z,165907107625000
"""Danny Salmon @ 5tcvVo6jdw"" bets 2.25",2022-07-29T05:04:25.684Z,165907106568400
"River: 9♠, 7♣, A♦, 8♥ [J♥]",2022-07-29T05:04:18.491Z,165907105849100
"""Danny Salmon @ 5tcvVo6jdw"" calls 1.00",2022-07-29T05:04:17.593Z,165907105759300
"""Cal @ aFFqA9i1yY"" bets 1.00",2022-07-29T05:04:13.804Z,165907105380400
"""Danny Salmon @ 5tcvVo6jdw"" checks",2022-07-29T05:04:07.678Z,165907104767800
"Turn: 9♠, 7♣, A♦ [8♥]",2022-07-29T05:04:05.512Z,165907104551200
"""Cal @ aFFqA9i1yY"" checks",2022-07-29T05:04:04.709Z,165907104470900
"""Danny Salmon @ 5tcvVo6jdw"" checks",2022-07-29T05:04:02.227Z,165907104222700
"Flop:  [9♠, 7♣, A♦]",2022-07-29T05:03:40.287Z,165907102028700
"""Cal @ aFFqA9i1yY"" checks",2022-07-29T05:03:39.474Z,165907101947400
"""Danny Salmon @ 5tcvVo6jdw"" calls 0.50",2022-07-29T05:03:37.761Z,165907101776100
"""Ryan Mirdadian @ YfVSqmNcRx"" folds",2022-07-29T05:03:36.647Z,165907101664700
"""Gianni @ PNMdqOx3Mf"" folds",2022-07-29T05:03:35.719Z,165907101571900
"""Robert @ zRtqW5d6Mc"" folds",2022-07-29T05:03:29.420Z,165907100942000
"""Cal @ aFFqA9i1yY"" posts a big blind of 0.50",2022-07-29T05:03:27.841Z,165907100784108
"""Danny Salmon @ 5tcvVo6jdw"" posts a small blind of 0.25",2022-07-29T05:03:27.841Z,165907100784107
"Your hand is K♠, 4♣",2022-07-29T05:03:27.841Z,165907100784106
"Player stacks: #1 ""Gianni @ PNMdqOx3Mf"" (66.32) | #2 ""Ryan Mirdadian @ YfVSqmNcRx"" (1.15) | #4 ""Danny Salmon @ 5tcvVo6jdw"" (19.43) | #8 ""Cal @ aFFqA9i1yY"" (27.01) | #10 ""Robert @ zRtqW5d6Mc"" (22.09)",2022-07-29T05:03:27.841Z,165907100784101
"-- starting hand #32  (No Limit Texas Hold'em) (dealer: ""Ryan Mirdadian @ YfVSqmNcRx"") --",2022-07-29T05:03:27.841Z,165907100784100
"""Ryan Mirdadian @ YfVSqmNcRx"" shows a Q♥, 5♥.",2022-07-29T05:03:25.459Z,165907100545900
"""Cal @ aFFqA9i1yY"" shows a Q♣, J♠.",2022-07-29T05:03:24.195Z,165907100419500
"-- ending hand #31 --",2022-07-29T05:03:23.434Z,165907100343402
"""Danny Salmon @ 5tcvVo6jdw"" collected 4.25 from pot",2022-07-29T05:03:23.434Z,165907100343401
"Uncalled bet of 4.25 returned to ""Danny Salmon @ 5tcvVo6jdw""",2022-07-29T05:03:23.434Z,165907100343400
"""Cal @ aFFqA9i1yY"" folds",2022-07-29T05:03:22.545Z,165907100254500
"""Danny Salmon @ 5tcvVo6jdw"" raises to 6.25",2022-07-29T05:03:06.592Z,165907098659200
"""Ryan Mirdadian @ YfVSqmNcRx"" folds",2022-07-29T05:03:04.009Z,165907098400900
"""Gianni @ PNMdqOx3Mf"" folds",2022-07-29T05:02:57.624Z,165907097762400
"""Robert @ zRtqW5d6Mc"" folds",2022-07-29T05:02:55.824Z,165907097582400
"""Cal @ aFFqA9i1yY"" raises to 2.00",2022-07-29T05:02:50.249Z,165907097024900
"""Danny Salmon @ 5tcvVo6jdw"" posts a big blind of 0.50",2022-07-29T05:02:44.981Z,165907096498108
"""Ryan Mirdadian @ YfVSqmNcRx"" posts a small blind of 0.25",2022-07-29T05:02:44.981Z,165907096498107
"Your hand is A♠, 10♥",2022-07-29T05:02:44.981Z,165907096498106
"Player stacks: #1 ""Gianni @ PNMdqOx3Mf"" (66.32) | #2 ""Ryan Mirdadian @ YfVSqmNcRx"" (1.40) | #4 ""Danny Salmon @ 5tcvVo6jdw"" (17.18) | #8 ""Cal @ aFFqA9i1yY"" (29.01) | #10 ""Robert @ zRtqW5d6Mc"" (22.09)",2022-07-29T05:02:44.981Z,165907096498101
"-- starting hand #31  (No Limit Texas Hold'em) (dealer: ""Gianni @ PNMdqOx3Mf"") --",2022-07-29T05:02:44.981Z,165907096498100
"""Ryan Mirdadian @ YfVSqmNcRx"" shows a 3♠, K♠.",2022-07-29T05:02:42.436Z,165907096243600
"-- ending hand #30 --",2022-07-29T05:02:41.371Z,165907096137102
"""Danny Salmon @ 5tcvVo6jdw"" collected 1.25 from pot",2022-07-29T05:02:41.371Z,165907096137101
"Uncalled bet of 0.93 returned to ""Danny Salmon @ 5tcvVo6jdw""",2022-07-29T05:02:41.371Z,165907096137100
"""Ryan Mirdadian @ YfVSqmNcRx"" folds",2022-07-29T05:02:40.559Z,165907096055900
"""Gianni @ PNMdqOx3Mf"" folds",2022-07-29T05:02:34.710Z,165907095471000
"""Robert @ zRtqW5d6Mc"" folds",2022-07-29T05:02:33.174Z,165907095317400
"""Cal @ aFFqA9i1yY"" folds",2022-07-29T05:02:28.886Z,165907094888600
"""Danny Salmon @ 5tcvVo6jdw"" raises to 1.43",2022-07-29T05:02:26.113Z,165907094611300
"""Ryan Mirdadian @ YfVSqmNcRx"" posts a big blind of 0.50",2022-07-29T05:02:21.751Z,165907094175108
"""Gianni @ PNMdqOx3Mf"" posts a small blind of 0.25",2022-07-29T05:02:21.751Z,165907094175107
"Your hand is 2♥, 4♠",2022-07-29T05:02:21.751Z,165907094175106
"Player stacks: #1 ""Gianni @ PNMdqOx3Mf"" (66.57) | #2 ""Ryan Mirdadian @ YfVSqmNcRx"" (1.90) | #4 ""Danny Salmon @ 5tcvVo6jdw"" (16.43) | #8 ""Cal @ aFFqA9i1yY"" (29.01) | #10 ""Robert @ zRtqW5d6Mc"" (22.09)",2022-07-29T05:02:21.751Z,165907094175101
"-- starting hand #30  (No Limit Texas Hold'em) (dealer: ""Robert @ zRtqW5d6Mc"") --",2022-07-29T05:02:21.751Z,165907094175100
"""Ryan Mirdadian @ YfVSqmNcRx"" shows a 8♣, 6♦.",2022-07-29T05:02:20.586Z,165907094058600
"-- ending hand #29 --",2022-07-29T05:02:13.209Z,165907093320902
"""Robert @ zRtqW5d6Mc"" collected 22.09 from pot with Two Pair, K's & Q's on the second run  (combination: K♣, K♠, Q♣, Q♠, A♥)",2022-07-29T05:02:13.209Z,165907093320901
"""Cal @ aFFqA9i1yY"" collected 22.09 from pot with Two Pair, K's & 9's (combination: K♥, K♠, 9♦, 9♥, Q♣)",2022-07-29T05:02:13.209Z,165907093320900
"River (second run): 9♥, K♠, Q♣, 5♥ [Q♠]",2022-07-29T05:02:09.144Z,165907092914400
"Turn (second run): 9♥, K♠, Q♣ [5♥]",2022-07-29T05:02:05.127Z,165907092512700
"River: 9♥, K♠, Q♣, 5♠ [5♣]",2022-07-29T05:02:01.122Z,165907092112200
"Turn: 9♥, K♠, Q♣ [5♠]",2022-07-29T05:01:57.113Z,165907091711300
"""Robert @ zRtqW5d6Mc"" shows a A♥, K♣.",2022-07-29T05:01:53.067Z,165907091306702
"""Cal @ aFFqA9i1yY"" shows a K♥, 9♦.",2022-07-29T05:01:53.067Z,165907091306701
"Uncalled bet of 4.34 returned to ""Cal @ aFFqA9i1yY""",2022-07-29T05:01:53.067Z,165907091306700
"All players in hand choose to run it twice.",2022-07-29T05:01:52.200Z,165907091220001
"""Cal @ aFFqA9i1yY"" chooses to  run it twice.",2022-07-29T05:01:52.200Z,165907091220000
"""Robert @ zRtqW5d6Mc"" chooses to  run it twice.",2022-07-29T05:01:51.097Z,165907091109700
"Remaining players decide whether to run it twice.",2022-07-29T05:01:48.064Z,165907090806401
"""Danny Salmon @ 5tcvVo6jdw"" folds",2022-07-29T05:01:48.064Z,165907090806400
"""Robert @ zRtqW5d6Mc"" calls 15.09 and go all in",2022-07-29T05:01:44.883Z,165907090488300
"""Cal @ aFFqA9i1yY"" raises to 19.43",2022-07-29T05:01:37.679Z,165907089767900
"""Danny Salmon @ 5tcvVo6jdw"" calls 3.00",2022-07-29T05:01:25.242Z,165907088524200
"""Robert @ zRtqW5d6Mc"" bets 3.00",2022-07-29T05:01:23.664Z,165907088366400
"Flop:  [9♥, K♠, Q♣]",2022-07-29T05:01:19.371Z,165907087937100
"""Cal @ aFFqA9i1yY"" calls 3.50",2022-07-29T05:01:18.464Z,165907087846400
"""Danny Salmon @ 5tcvVo6jdw"" calls 3.50",2022-07-29T05:01:14.650Z,165907087465000
"""Gianni @ PNMdqOx3Mf"" folds",2022-07-29T05:01:11.503Z,165907087150300
"""Robert @ zRtqW5d6Mc"" raises to 3.50",2022-07-29T05:01:10.488Z,165907087048800
"""Cal @ aFFqA9i1yY"" calls 1.43",2022-07-29T05:01:05.075Z,165907086507500
"""Danny Salmon @ 5tcvVo6jdw"" raises to 1.43",2022-07-29T05:01:00.310Z,165907086031000
"""Ryan Mirdadian @ YfVSqmNcRx"" folds",2022-07-29T05:00:53.986Z,165907085398600
"""Gianni @ PNMdqOx3Mf"" posts a big blind of 0.50",2022-07-29T05:00:51.775Z,165907085177508
"""Robert @ zRtqW5d6Mc"" posts a small blind of 0.25",2022-07-29T05:00:51.775Z,165907085177507
"Your hand is A♥, K♣",2022-07-29T05:00:51.775Z,165907085177506
"Player stacks: #1 ""Gianni @ PNMdqOx3Mf"" (67.07) | #2 ""Ryan Mirdadian @ YfVSqmNcRx"" (1.90) | #4 ""Danny Salmon @ 5tcvVo6jdw"" (22.93) | #8 ""Cal @ aFFqA9i1yY"" (25.51) | #10 ""Robert @ zRtqW5d6Mc"" (18.59)",2022-07-29T05:00:51.775Z,165907085177501
"-- starting hand #29  (No Limit Texas Hold'em) (dealer: ""Cal @ aFFqA9i1yY"") --",2022-07-29T05:00:51.775Z,165907085177500
"""Gianni @ PNMdqOx3Mf"" shows a 9♦, Q♣.",2022-07-29T05:00:47.273Z,165907084727300
"""Ryan Mirdadian @ YfVSqmNcRx"" shows a K♠, 5♣.",2022-07-29T05:00:45.326Z,165907084532600
"-- ending hand #28 --",2022-07-29T05:00:44.774Z,165907084477403
"""Robert @ zRtqW5d6Mc"" shows a 7♠, 8♦.",2022-07-29T05:00:44.774Z,165907084477402
"""Danny Salmon @ 5tcvVo6jdw"" collected 1.75 from pot with A High (combination: A♣, K♥, Q♠, 10♥, 5♦)",2022-07-29T05:00:44.774Z,165907084477401
"""Danny Salmon @ 5tcvVo6jdw"" shows a 10♥, Q♠.",2022-07-29T05:00:44.774Z,165907084477400
"""Danny Salmon @ 5tcvVo6jdw"" checks",2022-07-29T05:00:43.955Z,165907084395500
"""Gianni @ PNMdqOx3Mf"" folds",2022-07-29T05:00:38.549Z,165907083854900
"""Robert @ zRtqW5d6Mc"" checks",2022-07-29T05:00:35.596Z,165907083559600
"River: A♣, 5♦, 4♥, 2♣ [K♥]",2022-07-29T05:00:33.872Z,165907083387200
"""Danny Salmon @ 5tcvVo6jdw"" checks",2022-07-29T05:00:33.021Z,165907083302100
"""Gianni @ PNMdqOx3Mf"" checks",2022-07-29T05:00:25.128Z,165907082512800
"""Robert @ zRtqW5d6Mc"" checks",2022-07-29T05:00:21.762Z,165907082176200
"Turn: A♣, 5♦, 4♥ [2♣]",2022-07-29T05:00:20.259Z,165907082025900
"""Danny Salmon @ 5tcvVo6jdw"" checks",2022-07-29T05:00:19.425Z,165907081942500
"""Gianni @ PNMdqOx3Mf"" checks",2022-07-29T05:00:16.357Z,165907081635700
"""Robert @ zRtqW5d6Mc"" checks",2022-07-29T05:00:11.784Z,165907081178400
"Flop:  [A♣, 5♦, 4♥]",2022-07-29T05:00:08.247Z,165907080824700
"""Robert @ zRtqW5d6Mc"" checks",2022-07-29T05:00:07.441Z,165907080744100
"""Cal @ aFFqA9i1yY"" folds",2022-07-29T05:00:04.922Z,165907080492200
"""Danny Salmon @ 5tcvVo6jdw"" calls 0.50",2022-07-29T05:00:02.091Z,165907080209100
"""Ryan Mirdadian @ YfVSqmNcRx"" folds",2022-07-29T05:00:01.117Z,165907080111700
"""Gianni @ PNMdqOx3Mf"" calls 0.50",2022-07-29T04:59:58.527Z,165907079852700
"""Robert @ zRtqW5d6Mc"" posts a big blind of 0.50",2022-07-29T04:59:56.097Z,165907079609709
"""Cal @ aFFqA9i1yY"" posts a small blind of 0.25",2022-07-29T04:59:56.097Z,165907079609708
"Your hand is 7♠, 8♦",2022-07-29T04:59:56.097Z,165907079609707
"Player stacks: #1 ""Gianni @ PNMdqOx3Mf"" (67.57) | #2 ""Ryan Mirdadian @ YfVSqmNcRx"" (1.90) | #4 ""Danny Salmon @ 5tcvVo6jdw"" (21.68) | #8 ""Cal @ aFFqA9i1yY"" (25.76) | #10 ""Robert @ zRtqW5d6Mc"" (19.09)",2022-07-29T04:59:56.097Z,165907079609702
"-- starting hand #28  (No Limit Texas Hold'em) (dealer: ""Danny Salmon @ 5tcvVo6jdw"") --",2022-07-29T04:59:56.097Z,165907079609701
"The player ""Ryan Mirdadian @ YfVSqmNcRx"" joined the game with a stack of 1.90.",2022-07-29T04:59:56.097Z,165907079609700
"-- ending hand #27 --",2022-07-29T04:59:50.077Z,165907079007703
"""Robert @ zRtqW5d6Mc"" shows a Q♠, A♥.",2022-07-29T04:59:50.077Z,165907079007702
"""Gianni @ PNMdqOx3Mf"" collected 27.47 from pot with Two Pair, A's & 8's (combination: A♦, A♣, 8♥, 8♠, K♣)",2022-07-29T04:59:50.077Z,165907079007701
"""Gianni @ PNMdqOx3Mf"" shows a A♦, K♣.",2022-07-29T04:59:50.077Z,165907079007700
"""Gianni @ PNMdqOx3Mf"" checks",2022-07-29T04:59:49.270Z,165907078927000
"The admin approved the player ""Ryan Mirdadian @ YfVSqmNcRx"" participation with a stack of 1.90.",2022-07-29T04:59:24.713Z,165907076471300
"""Robert @ zRtqW5d6Mc"" checks",2022-07-29T04:59:22.353Z,165907076235300
"The player ""Ryan Mirdadian @ YfVSqmNcRx"" requested a seat.",2022-07-29T04:59:20.028Z,165907076002800
"River: A♣, 4♦, 3♠, 8♥ [8♠]",2022-07-29T04:59:19.062Z,165907075906200
"""Robert @ zRtqW5d6Mc"" calls 9.36",2022-07-29T04:59:18.194Z,165907075819400
"""Gianni @ PNMdqOx3Mf"" raises to 9.36",2022-07-29T04:59:16.635Z,165907075663500
"""Robert @ zRtqW5d6Mc"" bets 4.00",2022-07-29T04:59:02.027Z,165907074202700
"Turn: A♣, 4♦, 3♠ [8♥]",2022-07-29T04:58:59.135Z,165907073913500
"""Gianni @ PNMdqOx3Mf"" calls 2.00",2022-07-29T04:58:58.307Z,165907073830700
"""Robert @ zRtqW5d6Mc"" bets 2.00",2022-07-29T04:58:51.763Z,165907073176300
"Flop:  [A♣, 4♦, 3♠]",2022-07-29T04:58:46.693Z,165907072669300
"""Cal @ aFFqA9i1yY"" folds",2022-07-29T04:58:45.836Z,165907072583600
"""Danny Salmon @ 5tcvVo6jdw"" folds",2022-07-29T04:58:39.268Z,165907071926800
"""Gianni @ PNMdqOx3Mf"" calls 2.00",2022-07-29T04:58:34.560Z,165907071456000
"""Robert @ zRtqW5d6Mc"" raises to 2.00",2022-07-29T04:58:31.263Z,165907071126300
"""Cal @ aFFqA9i1yY"" posts a big blind of 0.50",2022-07-29T04:58:24.603Z,165907070460307
"""Danny Salmon @ 5tcvVo6jdw"" posts a small blind of 0.25",2022-07-29T04:58:24.603Z,165907070460306
"Your hand is Q♠, A♥",2022-07-29T04:58:24.603Z,165907070460305
"Player stacks: #1 ""Gianni @ PNMdqOx3Mf"" (53.46) | #4 ""Danny Salmon @ 5tcvVo6jdw"" (21.93) | #8 ""Cal @ aFFqA9i1yY"" (26.26) | #10 ""Robert @ zRtqW5d6Mc"" (32.45)",2022-07-29T04:58:24.603Z,165907070460301
"-- starting hand #27  (No Limit Texas Hold'em) (dealer: ""Gianni @ PNMdqOx3Mf"") --",2022-07-29T04:58:24.603Z,165907070460300
"-- ending hand #26 --",2022-07-29T04:58:21.676Z,165907070167602
"""Cal @ aFFqA9i1yY"" collected 3.25 from pot",2022-07-29T04:58:21.676Z,165907070167601
"Uncalled bet of 1.62 returned to ""Cal @ aFFqA9i1yY""",2022-07-29T04:58:21.676Z,165907070167600
"""Danny Salmon @ 5tcvVo6jdw"" folds",2022-07-29T04:58:20.865Z,165907070086500
"""Cal @ aFFqA9i1yY"" bets 1.62",2022-07-29T04:58:17.311Z,165907069731100
"""Danny Salmon @ 5tcvVo6jdw"" checks",2022-07-29T04:58:13.554Z,165907069355400
"Flop:  [4♠, Q♠, 4♥]",2022-07-29T04:58:11.800Z,165907069180000
"""Danny Salmon @ 5tcvVo6jdw"" calls 1.50",2022-07-29T04:58:10.940Z,165907069094000
"""Gianni @ PNMdqOx3Mf"" folds",2022-07-29T04:58:09.636Z,165907068963600
"""Robert @ zRtqW5d6Mc"" folds",2022-07-29T04:58:04.719Z,165907068471900
"""Cal @ aFFqA9i1yY"" raises to 1.50",2022-07-29T04:58:03.777Z,165907068377700
"""Danny Salmon @ 5tcvVo6jdw"" posts a big blind of 0.50",2022-07-29T04:58:00.794Z,165907068079407
"""Gianni @ PNMdqOx3Mf"" posts a small blind of 0.25",2022-07-29T04:58:00.794Z,165907068079406
"Your hand is 2♣, 10♥",2022-07-29T04:58:00.794Z,165907068079405
"Player stacks: #1 ""Gianni @ PNMdqOx3Mf"" (53.71) | #4 ""Danny Salmon @ 5tcvVo6jdw"" (23.43) | #8 ""Cal @ aFFqA9i1yY"" (24.51) | #10 ""Robert @ zRtqW5d6Mc"" (32.45)",2022-07-29T04:58:00.794Z,165907068079401
"-- starting hand #26  (No Limit Texas Hold'em) (dealer: ""Robert @ zRtqW5d6Mc"") --",2022-07-29T04:58:00.794Z,165907068079400
"-- ending hand #25 --",2022-07-29T04:57:57.791Z,165907067779102
"""Cal @ aFFqA9i1yY"" collected 4.75 from pot",2022-07-29T04:57:57.791Z,165907067779101
"Uncalled bet of 2.37 returned to ""Cal @ aFFqA9i1yY""",2022-07-29T04:57:57.791Z,165907067779100
"""Gianni @ PNMdqOx3Mf"" folds",2022-07-29T04:57:56.943Z,165907067694300
"""Cal @ aFFqA9i1yY"" bets 2.37",2022-07-29T04:57:50.552Z,165907067055200
"""Gianni @ PNMdqOx3Mf"" checks",2022-07-29T04:57:46.535Z,165907066653500
"Turn: 5♥, 3♦, 2♥ [5♦]",2022-07-29T04:57:36.761Z,165907065676100
"""Cal @ aFFqA9i1yY"" checks",2022-07-29T04:57:35.941Z,165907065594100
"""Gianni @ PNMdqOx3Mf"" checks",2022-07-29T04:57:27.808Z,165907064780800
"Flop:  [5♥, 3♦, 2♥]",2022-07-29T04:57:21.320Z,165907064132000
"""Danny Salmon @ 5tcvVo6jdw"" folds",2022-07-29T04:57:20.451Z,165907064045100
"""Gianni @ PNMdqOx3Mf"" calls 2.00",2022-07-29T04:57:02.974Z,165907062297400
"""Robert @ zRtqW5d6Mc"" folds",2022-07-29T04:57:01.641Z,165907062164100
"""Cal @ aFFqA9i1yY"" raises to 2.00",2022-07-29T04:57:00.711Z,165907062071100
"""Danny Salmon @ 5tcvVo6jdw"" calls 0.50",2022-07-29T04:56:56.961Z,165907061696100
"""Gianni @ PNMdqOx3Mf"" posts a big blind of 0.50",2022-07-29T04:56:49.794Z,165907060979407
"""Robert @ zRtqW5d6Mc"" posts a small blind of 0.25",2022-07-29T04:56:49.794Z,165907060979406
"Your hand is J♠, 6♣",2022-07-29T04:56:49.794Z,165907060979405
"Player stacks: #1 ""Gianni @ PNMdqOx3Mf"" (55.71) | #4 ""Danny Salmon @ 5tcvVo6jdw"" (23.93) | #8 ""Cal @ aFFqA9i1yY"" (21.76) | #10 ""Robert @ zRtqW5d6Mc"" (32.70)",2022-07-29T04:56:49.794Z,165907060979401
"-- starting hand #25  (No Limit Texas Hold'em) (dealer: ""Cal @ aFFqA9i1yY"") --",2022-07-29T04:56:49.794Z,165907060979400
"-- ending hand #24 --",2022-07-29T04:56:46.875Z,165907060687502
"""Gianni @ PNMdqOx3Mf"" collected 1.25 from pot",2022-07-29T04:56:46.875Z,165907060687501
"Uncalled bet of 1.50 returned to ""Gianni @ PNMdqOx3Mf""",2022-07-29T04:56:46.875Z,165907060687500
"""Robert @ zRtqW5d6Mc"" folds",2022-07-29T04:56:46.023Z,165907060602300
"""Cal @ aFFqA9i1yY"" folds",2022-07-29T04:56:45.096Z,165907060509600
"""Danny Salmon @ 5tcvVo6jdw"" folds",2022-07-29T04:56:44.183Z,165907060418300
"""Gianni @ PNMdqOx3Mf"" raises to 2.00",2022-07-29T04:56:41.547Z,165907060154700
"""Robert @ zRtqW5d6Mc"" posts a big blind of 0.50",2022-07-29T04:56:36.787Z,165907059678708
"""Cal @ aFFqA9i1yY"" posts a small blind of 0.25",2022-07-29T04:56:36.787Z,165907059678707
"Your hand is 2♦, 5♥",2022-07-29T04:56:36.787Z,165907059678706
"Player stacks: #1 ""Gianni @ PNMdqOx3Mf"" (54.96) | #4 ""Danny Salmon @ 5tcvVo6jdw"" (23.93) | #8 ""Cal @ aFFqA9i1yY"" (22.01) | #10 ""Robert @ zRtqW5d6Mc"" (33.20)",2022-07-29T04:56:36.787Z,165907059678702
"-- starting hand #24  (No Limit Texas Hold'em) (dead button) --",2022-07-29T04:56:36.787Z,165907059678701
"The player ""Ryan Mirdadian @ YfVSqmNcRx"" quits the game with a stack of 0.00.",2022-07-29T04:56:36.787Z,165907059678700
"-- ending hand #23 --",2022-07-29T04:56:28.723Z,165907058872304
"""Gianni @ PNMdqOx3Mf"" collected 0.46 from pot with Pair, 10's on the second run  (combination: 10♣, 10♥, A♥, 7♠, 6♠)",2022-07-29T04:56:28.723Z,165907058872303
"""Gianni @ PNMdqOx3Mf"" collected 0.46 from pot with Pair, 10's (combination: 10♣, 10♦, A♥, 9♣, 6♠)",2022-07-29T04:56:28.723Z,165907058872302
"""Gianni @ PNMdqOx3Mf"" collected 1.56 from pot with Pair, 10's on the second run  (combination: 10♣, 10♥, A♥, 7♠, 6♠)",2022-07-29T04:56:28.723Z,165907058872301
"""Gianni @ PNMdqOx3Mf"" collected 1.56 from pot with Pair, 10's (combination: 10♣, 10♦, A♥, 9♣, 6♠)",2022-07-29T04:56:28.723Z,165907058872300
"River (second run): 2♣, 6♠, 3♦, 7♠ [10♥]",2022-07-29T04:56:24.639Z,165907058463900
"Turn (second run): 2♣, 6♠, 3♦ [7♠]",2022-07-29T04:56:20.627Z,165907058062700
"River: 2♣, 6♠, 3♦, 10♦ [9♣]",2022-07-29T04:56:16.624Z,165907057662400
"Turn: 2♣, 6♠, 3♦ [10♦]",2022-07-29T04:56:12.620Z,165907057262000
"""Ryan Mirdadian @ YfVSqmNcRx"" shows a 8♣, K♣.",2022-07-29T04:56:08.616Z,165907056861602
"""Gianni @ PNMdqOx3Mf"" shows a 10♣, A♥.",2022-07-29T04:56:08.616Z,165907056861601
"Uncalled bet of 2.00 returned to ""Gianni @ PNMdqOx3Mf""",2022-07-29T04:56:08.616Z,165907056861600
"All players in hand choose to run it twice.",2022-07-29T04:56:07.781Z,165907056778101
"""Gianni @ PNMdqOx3Mf"" chooses to  run it twice.",2022-07-29T04:56:07.781Z,165907056778100
"""Ryan Mirdadian @ YfVSqmNcRx"" chooses to  run it twice.",2022-07-29T04:56:06.143Z,165907056614300
"Remaining players decide whether to run it twice.",2022-07-29T04:56:04.805Z,165907056480501
"""Cal @ aFFqA9i1yY"" folds",2022-07-29T04:56:04.805Z,165907056480500
"""Gianni @ PNMdqOx3Mf"" bets 2.00",2022-07-29T04:56:01.163Z,165907056116300
"""Cal @ aFFqA9i1yY"" checks",2022-07-29T04:55:56.915Z,165907055691500
"Flop:  [2♣, 6♠, 3♦]",2022-07-29T04:55:53.571Z,165907055357100
"""Cal @ aFFqA9i1yY"" calls 1.50",2022-07-29T04:55:52.698Z,165907055269800
"""Ryan Mirdadian @ YfVSqmNcRx"" calls 1.04 and go all in",2022-07-29T04:55:50.414Z,165907055041400
"""Danny Salmon @ 5tcvVo6jdw"" folds",2022-07-29T04:55:48.075Z,165907054807500
"""Gianni @ PNMdqOx3Mf"" raises to 1.50",2022-07-29T04:55:47.131Z,165907054713100
"""Robert @ zRtqW5d6Mc"" folds",2022-07-29T04:55:44.323Z,165907054432300
"""Cal @ aFFqA9i1yY"" posts a big blind of 0.50",2022-07-29T04:55:42.765Z,165907054276508
"""Ryan Mirdadian @ YfVSqmNcRx"" posts a small blind of 0.25",2022-07-29T04:55:42.765Z,165907054276507
"Your hand is 5♦, 6♣",2022-07-29T04:55:42.765Z,165907054276506
"Player stacks: #1 ""Gianni @ PNMdqOx3Mf"" (52.42) | #4 ""Danny Salmon @ 5tcvVo6jdw"" (23.93) | #7 ""Ryan Mirdadian @ YfVSqmNcRx"" (1.04) | #8 ""Cal @ aFFqA9i1yY"" (23.51) | #10 ""Robert @ zRtqW5d6Mc"" (33.20)",2022-07-29T04:55:42.765Z,165907054276501
"-- starting hand #23  (No Limit Texas Hold'em) (dealer: ""Danny Salmon @ 5tcvVo6jdw"") --",2022-07-29T04:55:42.765Z,165907054276500
"""Ryan Mirdadian @ YfVSqmNcRx"" shows a 3♥, 4♦.",2022-07-29T04:55:37.611Z,165907053761100
"-- ending hand #22 --",2022-07-29T04:55:36.239Z,165907053623902
"""Danny Salmon @ 5tcvVo6jdw"" collected 1.50 from pot with Pair, 8's (combination: 8♥, 8♣, A♥, Q♣, J♠)",2022-07-29T04:55:36.239Z,165907053623901
"""Danny Salmon @ 5tcvVo6jdw"" shows a 8♥, A♥.",2022-07-29T04:55:36.239Z,165907053623900
"""Robert @ zRtqW5d6Mc"" checks",2022-07-29T04:55:35.361Z,165907053536100
"""Ryan Mirdadian @ YfVSqmNcRx"" checks",2022-07-29T04:55:33.675Z,165907053367500
"""Danny Salmon @ 5tcvVo6jdw"" checks",2022-07-29T04:55:31.297Z,165907053129700
"River: 6♥, 8♣, Q♣, J♠ [3♠]",2022-07-29T04:55:30.481Z,165907053048100
"""Robert @ zRtqW5d6Mc"" checks",2022-07-29T04:55:29.674Z,165907052967400
"""Ryan Mirdadian @ YfVSqmNcRx"" checks",2022-07-29T04:55:28.541Z,165907052854100
"""Danny Salmon @ 5tcvVo6jdw"" checks",2022-07-29T04:55:26.564Z,165907052656400
"Turn: 6♥, 8♣, Q♣ [J♠]",2022-07-29T04:55:25.476Z,165907052547600
"""Robert @ zRtqW5d6Mc"" checks",2022-07-29T04:55:24.649Z,165907052464900
"""Ryan Mirdadian @ YfVSqmNcRx"" checks",2022-07-29T04:55:21.779Z,165907052177900
"""Danny Salmon @ 5tcvVo6jdw"" checks",2022-07-29T04:55:19.322Z,165907051932200
"Flop:  [6♥, 8♣, Q♣]",2022-07-29T04:55:16.426Z,165907051642600
"""Ryan Mirdadian @ YfVSqmNcRx"" checks",2022-07-29T04:55:15.583Z,165907051558300
"""Danny Salmon @ 5tcvVo6jdw"" calls 0.50",2022-07-29T04:55:12.988Z,165907051298800
"""Gianni @ PNMdqOx3Mf"" folds",2022-07-29T04:55:11.823Z,165907051182300
"""Robert @ zRtqW5d6Mc"" calls 0.50",2022-07-29T04:55:10.228Z,165907051022800
"""Cal @ aFFqA9i1yY"" folds",2022-07-29T04:55:06.372Z,165907050637200
"""Ryan Mirdadian @ YfVSqmNcRx"" posts a big blind of 0.50",2022-07-29T04:55:04.418Z,165907050441808
"""Danny Salmon @ 5tcvVo6jdw"" posts a small blind of 0.25",2022-07-29T04:55:04.418Z,165907050441807
"Your hand is K♠, 10♠",2022-07-29T04:55:04.418Z,165907050441806
"Player stacks: #1 ""Gianni @ PNMdqOx3Mf"" (52.42) | #4 ""Danny Salmon @ 5tcvVo6jdw"" (22.93) | #7 ""Ryan Mirdadian @ YfVSqmNcRx"" (1.54) | #8 ""Cal @ aFFqA9i1yY"" (23.51) | #10 ""Robert @ zRtqW5d6Mc"" (33.70)",2022-07-29T04:55:04.418Z,165907050441801
"-- starting hand #22  (No Limit Texas Hold'em) (dealer: ""Gianni @ PNMdqOx3Mf"") --",2022-07-29T04:55:04.418Z,165907050441800
"-- ending hand #21 --",2022-07-29T04:55:01.382Z,165907050138202
"""Robert @ zRtqW5d6Mc"" collected 3.25 from pot",2022-07-29T04:55:01.382Z,165907050138201
"Uncalled bet of 3.25 returned to ""Robert @ zRtqW5d6Mc""",2022-07-29T04:55:01.382Z,165907050138200
"""Danny Salmon @ 5tcvVo6jdw"" folds",2022-07-29T04:55:00.528Z,165907050052800
"""Robert @ zRtqW5d6Mc"" bets 3.25",2022-07-29T04:54:57.387Z,165907049738700
"""Danny Salmon @ 5tcvVo6jdw"" checks",2022-07-29T04:54:48.657Z,165907048865700
"Flop:  [8♣, A♥, 4♠]",2022-07-29T04:54:46.966Z,165907048696600
"""Danny Salmon @ 5tcvVo6jdw"" calls 1.50",2022-07-29T04:54:46.055Z,165907048605500
"""Gianni @ PNMdqOx3Mf"" folds",2022-07-29T04:54:43.457Z,165907048345700
"""Robert @ zRtqW5d6Mc"" raises to 1.50",2022-07-29T04:54:41.929Z,165907048192900
"""Cal @ aFFqA9i1yY"" folds",2022-07-29T04:54:36.855Z,165907047685500
"""Ryan Mirdadian @ YfVSqmNcRx"" folds",2022-07-29T04:54:35.923Z,165907047592300
"""Danny Salmon @ 5tcvVo6jdw"" posts a big blind of 0.50",2022-07-29T04:54:32.793Z,165907047279308
"""Gianni @ PNMdqOx3Mf"" posts a small blind of 0.25",2022-07-29T04:54:32.793Z,165907047279307
"Your hand is K♦, J♠",2022-07-29T04:54:32.793Z,165907047279306
"Player stacks: #1 ""Gianni @ PNMdqOx3Mf"" (52.67) | #4 ""Danny Salmon @ 5tcvVo6jdw"" (24.43) | #7 ""Ryan Mirdadian @ YfVSqmNcRx"" (1.54) | #8 ""Cal @ aFFqA9i1yY"" (23.51) | #10 ""Robert @ zRtqW5d6Mc"" (31.95)",2022-07-29T04:54:32.793Z,165907047279301
"-- starting hand #21  (No Limit Texas Hold'em) (dealer: ""Robert @ zRtqW5d6Mc"") --",2022-07-29T04:54:32.793Z,165907047279300
"""Ryan Mirdadian @ YfVSqmNcRx"" shows a 7♦, 9♥.",2022-07-29T04:54:30.483Z,165907047048300
"-- ending hand #20 --",2022-07-29T04:54:29.148Z,165907046914802
"""Danny Salmon @ 5tcvVo6jdw"" collected 1.25 from pot",2022-07-29T04:54:29.148Z,165907046914801
"Uncalled bet of 0.50 returned to ""Danny Salmon @ 5tcvVo6jdw""",2022-07-29T04:54:29.148Z,165907046914800
"""Gianni @ PNMdqOx3Mf"" folds",2022-07-29T04:54:28.285Z,165907046828500
"""Robert @ zRtqW5d6Mc"" folds",2022-07-29T04:54:27.277Z,165907046727700
"""Cal @ aFFqA9i1yY"" folds",2022-07-29T04:54:26.250Z,165907046625000
"""Ryan Mirdadian @ YfVSqmNcRx"" folds",2022-07-29T04:54:25.263Z,165907046526300
"""Danny Salmon @ 5tcvVo6jdw"" raises to 1.00",2022-07-29T04:54:19.991Z,165907045999100
"""Gianni @ PNMdqOx3Mf"" posts a big blind of 0.50",2022-07-29T04:54:15.778Z,165907045577808
"""Robert @ zRtqW5d6Mc"" posts a small blind of 0.25",2022-07-29T04:54:15.778Z,165907045577807
"Your hand is 3♥, 9♠",2022-07-29T04:54:15.778Z,165907045577806
"Player stacks: #1 ""Gianni @ PNMdqOx3Mf"" (53.17) | #4 ""Danny Salmon @ 5tcvVo6jdw"" (23.68) | #7 ""Ryan Mirdadian @ YfVSqmNcRx"" (1.54) | #8 ""Cal @ aFFqA9i1yY"" (23.51) | #10 ""Robert @ zRtqW5d6Mc"" (32.20)",2022-07-29T04:54:15.778Z,165907045577801
"-- starting hand #20  (No Limit Texas Hold'em) (dealer: ""Cal @ aFFqA9i1yY"") --",2022-07-29T04:54:15.778Z,165907045577800
"""Ryan Mirdadian @ YfVSqmNcRx"" shows a 6♥, 5♥.",2022-07-29T04:54:12.660Z,165907045266000
"-- ending hand #19 --",2022-07-29T04:54:12.130Z,165907045213002
"""Danny Salmon @ 5tcvVo6jdw"" collected 9.68 from pot",2022-07-29T04:54:12.130Z,165907045213001
"Uncalled bet of 4.84 returned to ""Danny Salmon @ 5tcvVo6jdw""",2022-07-29T04:54:12.130Z,165907045213000
"""Robert @ zRtqW5d6Mc"" folds",2022-07-29T04:54:11.236Z,165907045123600
"""Danny Salmon @ 5tcvVo6jdw"" bets 4.84",2022-07-29T04:54:02.053Z,165907044205300
"""Robert @ zRtqW5d6Mc"" checks",2022-07-29T04:53:58.863Z,165907043886300
"Flop:  [10♣, 5♠, 6♠]",2022-07-29T04:53:55.565Z,165907043556500
"""Ryan Mirdadian @ YfVSqmNcRx"" folds",2022-07-29T04:53:54.757Z,165907043475700
"""Danny Salmon @ 5tcvVo6jdw"" calls 4.00",2022-07-29T04:53:48.729Z,165907042872900
"""Robert @ zRtqW5d6Mc"" raises to 4.00",2022-07-29T04:53:46.918Z,165907042691800
"""Cal @ aFFqA9i1yY"" folds",2022-07-29T04:53:43.402Z,165907042340200
"""Ryan Mirdadian @ YfVSqmNcRx"" calls 1.43",2022-07-29T04:53:42.486Z,165907042248600
"""Danny Salmon @ 5tcvVo6jdw"" raises to 1.43",2022-07-29T04:53:38.386Z,165907041838600
"""Gianni @ PNMdqOx3Mf"" folds",2022-07-29T04:53:34.721Z,165907041472100
"""Robert @ zRtqW5d6Mc"" posts a big blind of 0.50",2022-07-29T04:53:33.082Z,165907041308208
"""Cal @ aFFqA9i1yY"" posts a small blind of 0.25",2022-07-29T04:53:33.082Z,165907041308207
"Your hand is Q♠, A♣",2022-07-29T04:53:33.082Z,165907041308206
"Player stacks: #1 ""Gianni @ PNMdqOx3Mf"" (53.17) | #4 ""Danny Salmon @ 5tcvVo6jdw"" (18.00) | #7 ""Ryan Mirdadian @ YfVSqmNcRx"" (2.97) | #8 ""Cal @ aFFqA9i1yY"" (23.76) | #10 ""Robert @ zRtqW5d6Mc"" (36.20)",2022-07-29T04:53:33.082Z,165907041308201
"-- starting hand #19  (No Limit Texas Hold'em) (dealer: ""Ryan Mirdadian @ YfVSqmNcRx"") --",2022-07-29T04:53:33.082Z,165907041308200
"""Ryan Mirdadian @ YfVSqmNcRx"" shows a 3♠, 5♠.",2022-07-29T04:53:29.956Z,165907040995600
"""Robert @ zRtqW5d6Mc"" shows a A♥, 9♣.",2022-07-29T04:53:28.922Z,165907040892200
"-- ending hand #18 --",2022-07-29T04:53:28.673Z,165907040867302
"""Robert @ zRtqW5d6Mc"" collected 5.61 from pot",2022-07-29T04:53:28.673Z,165907040867301
"Uncalled bet of 2.00 returned to ""Robert @ zRtqW5d6Mc""",2022-07-29T04:53:28.673Z,165907040867300
"""Danny Salmon @ 5tcvVo6jdw"" folds",2022-07-29T04:53:27.830Z,165907040783000
"""Gianni @ PNMdqOx3Mf"" folds",2022-07-29T04:53:25.480Z,165907040548000
"""Robert @ zRtqW5d6Mc"" bets 2.00",2022-07-29T04:53:23.758Z,165907040375800
"River: 2♠, J♥, 2♥, 8♥ [10♥]",2022-07-29T04:53:12.051Z,165907039205100
"""Danny Salmon @ 5tcvVo6jdw"" checks",2022-07-29T04:53:11.223Z,165907039122300
"""Gianni @ PNMdqOx3Mf"" checks",2022-07-29T04:53:09.543Z,165907038954300
"""Robert @ zRtqW5d6Mc"" checks",2022-07-29T04:53:05.208Z,165907038520800
"Turn: 2♠, J♥, 2♥ [8♥]",2022-07-29T04:53:02.043Z,165907038204300
"""Danny Salmon @ 5tcvVo6jdw"" checks",2022-07-29T04:53:01.146Z,165907038114600
"""Gianni @ PNMdqOx3Mf"" checks",2022-07-29T04:52:59.879Z,165907037987900
"""Robert @ zRtqW5d6Mc"" checks",2022-07-29T04:52:58.131Z,165907037813100
"Flop:  [2♠, J♥, 2♥]",2022-07-29T04:52:48.229Z,165907036822900
"""Gianni @ PNMdqOx3Mf"" calls 1.62",2022-07-29T04:52:47.296Z,165907036729600
"""Robert @ zRtqW5d6Mc"" calls 1.62",2022-07-29T04:52:45.341Z,165907036534100
"""Cal @ aFFqA9i1yY"" folds",2022-07-29T04:52:42.929Z,165907036292900
"""Ryan Mirdadian @ YfVSqmNcRx"" folds",2022-07-29T04:52:41.999Z,165907036199900
"""Danny Salmon @ 5tcvVo6jdw"" raises to 1.62",2022-07-29T04:52:36.123Z,165907035612300
"""Gianni @ PNMdqOx3Mf"" calls 0.50",2022-07-29T04:52:33.583Z,165907035358300
"""Robert @ zRtqW5d6Mc"" calls 0.50",2022-07-29T04:52:31.283Z,165907035128300
"""Cal @ aFFqA9i1yY"" posts a big blind of 0.50",2022-07-29T04:52:28.850Z,165907034885008
"""Ryan Mirdadian @ YfVSqmNcRx"" posts a small blind of 0.25",2022-07-29T04:52:28.850Z,165907034885007
"Your hand is A♥, 9♣",2022-07-29T04:52:28.850Z,165907034885006
"Player stacks: #1 ""Gianni @ PNMdqOx3Mf"" (54.79) | #4 ""Danny Salmon @ 5tcvVo6jdw"" (19.62) | #7 ""Ryan Mirdadian @ YfVSqmNcRx"" (3.22) | #8 ""Cal @ aFFqA9i1yY"" (24.26) | #10 ""Robert @ zRtqW5d6Mc"" (32.21)",2022-07-29T04:52:28.850Z,165907034885001
"-- starting hand #18  (No Limit Texas Hold'em) (dealer: ""Danny Salmon @ 5tcvVo6jdw"") --",2022-07-29T04:52:28.850Z,165907034885000
"""Ryan Mirdadian @ YfVSqmNcRx"" shows a 6♣, K♠.",2022-07-29T04:52:25.695Z,165907034569500
"-- ending hand #17 --",2022-07-29T04:52:25.197Z,165907034519702
"""Gianni @ PNMdqOx3Mf"" collected 8.00 from pot",2022-07-29T04:52:25.197Z,165907034519701
"Uncalled bet of 4.00 returned to ""Gianni @ PNMdqOx3Mf""",2022-07-29T04:52:25.197Z,165907034519700
"""Robert @ zRtqW5d6Mc"" folds",2022-07-29T04:52:24.369Z,165907034436900
"""Danny Salmon @ 5tcvVo6jdw"" folds",2022-07-29T04:52:20.944Z,165907034094400
"""Gianni @ PNMdqOx3Mf"" bets 4.00",2022-07-29T04:52:20.002Z,165907034000200
"""Robert @ zRtqW5d6Mc"" checks",2022-07-29T04:52:13.336Z,165907033333600
"""Danny Salmon @ 5tcvVo6jdw"" checks",2022-07-29T04:52:10.516Z,165907033051600
"Flop:  [K♦, 10♠, J♦]",2022-07-29T04:52:08.796Z,165907032879600
"""Robert @ zRtqW5d6Mc"" calls 2.50",2022-07-29T04:52:07.976Z,165907032797600
"""Ryan Mirdadian @ YfVSqmNcRx"" folds",2022-07-29T04:52:05.936Z,165907032593600
"""Danny Salmon @ 5tcvVo6jdw"" calls 2.50",2022-07-29T04:52:04.074Z,165907032407400
"""Gianni @ PNMdqOx3Mf"" raises to 2.50",2022-07-29T04:52:00.922Z,165907032092200
"""Robert @ zRtqW5d6Mc"" raises to 1.00",2022-07-29T04:51:57.083Z,165907031708300
"""Cal @ aFFqA9i1yY"" folds",2022-07-29T04:51:54.290Z,165907031429000
"""Ryan Mirdadian @ YfVSqmNcRx"" posts a big blind of 0.50",2022-07-29T04:51:52.469Z,165907031246908
"""Danny Salmon @ 5tcvVo6jdw"" posts a small blind of 0.25",2022-07-29T04:51:52.469Z,165907031246907
"Your hand is 4♦, 4♣",2022-07-29T04:51:52.469Z,165907031246906
"Player stacks: #1 ""Gianni @ PNMdqOx3Mf"" (49.29) | #4 ""Danny Salmon @ 5tcvVo6jdw"" (22.12) | #7 ""Ryan Mirdadian @ YfVSqmNcRx"" (3.72) | #8 ""Cal @ aFFqA9i1yY"" (24.26) | #10 ""Robert @ zRtqW5d6Mc"" (34.71)",2022-07-29T04:51:52.469Z,165907031246901
"-- starting hand #17  (No Limit Texas Hold'em) (dealer: ""Gianni @ PNMdqOx3Mf"") --",2022-07-29T04:51:52.469Z,165907031246900
"-- ending hand #16 --",2022-07-29T04:51:46.466Z,165907030646605
"""Danny Salmon @ 5tcvVo6jdw"" collected 0.52 from pot with Pair, 6's (combination: 6♦, 6♠, J♣, 9♣, 7♠)",2022-07-29T04:51:46.466Z,165907030646604
"""Danny Salmon @ 5tcvVo6jdw"" shows a 6♦, 9♣.",2022-07-29T04:51:46.466Z,165907030646603
"""Gianni @ PNMdqOx3Mf"" shows a Q♣, 2♣.",2022-07-29T04:51:46.466Z,165907030646602
"""Ryan Mirdadian @ YfVSqmNcRx"" collected 3.72 from pot with Straight, 7 High (combination: 7♠, 6♠, 5♠, 4♦, 3♥)",2022-07-29T04:51:46.466Z,165907030646601
"""Ryan Mirdadian @ YfVSqmNcRx"" shows a J♦, 4♦.",2022-07-29T04:51:46.466Z,165907030646600
"""Danny Salmon @ 5tcvVo6jdw"" checks",2022-07-29T04:51:45.602Z,165907030560200
"""Gianni @ PNMdqOx3Mf"" checks",2022-07-29T04:51:44.460Z,165907030446000
"River: 7♠, 5♠, 3♥, 6♠ [J♣]",2022-07-29T04:51:42.266Z,165907030226600
"""Ryan Mirdadian @ YfVSqmNcRx"" calls 0.74 and go all in",2022-07-29T04:51:41.462Z,165907030146200
"""Danny Salmon @ 5tcvVo6jdw"" calls 1.00",2022-07-29T04:51:40.533Z,165907030053300
"""Gianni @ PNMdqOx3Mf"" raises to 1.00",2022-07-29T04:51:38.106Z,165907029810600
"""Ryan Mirdadian @ YfVSqmNcRx"" bets 0.50",2022-07-29T04:51:34.334Z,165907029433400
"""Danny Salmon @ 5tcvVo6jdw"" checks",2022-07-29T04:51:29.180Z,165907028918000
"""Gianni @ PNMdqOx3Mf"" checks",2022-07-29T04:51:26.827Z,165907028682700
"Turn: 7♠, 5♠, 3♥ [6♠]",2022-07-29T04:51:15.113Z,165907027511300
"""Ryan Mirdadian @ YfVSqmNcRx"" checks",2022-07-29T04:51:14.248Z,165907027424800
"""Danny Salmon @ 5tcvVo6jdw"" checks",2022-07-29T04:51:12.760Z,165907027276000
"""Gianni @ PNMdqOx3Mf"" checks",2022-07-29T04:51:11.078Z,165907027107800
"Flop:  [7♠, 5♠, 3♥]",2022-07-29T04:51:06.819Z,165907026681900
"""Danny Salmon @ 5tcvVo6jdw"" checks",2022-07-29T04:51:06.008Z,165907026600800
"""Gianni @ PNMdqOx3Mf"" calls 0.50",2022-07-29T04:51:05.049Z,165907026504900
"""Robert @ zRtqW5d6Mc"" folds",2022-07-29T04:51:01.209Z,165907026120900
"""Cal @ aFFqA9i1yY"" folds",2022-07-29T04:50:58.921Z,165907025892100
"""Ryan Mirdadian @ YfVSqmNcRx"" calls 0.50",2022-07-29T04:50:58.009Z,165907025800900
"""Danny Salmon @ 5tcvVo6jdw"" posts a big blind of 0.50",2022-07-29T04:50:52.015Z,165907025201508
"""Gianni @ PNMdqOx3Mf"" posts a small blind of 0.25",2022-07-29T04:50:52.015Z,165907025201507
"Your hand is 10♣, 2♥",2022-07-29T04:50:52.015Z,165907025201506
"Player stacks: #1 ""Gianni @ PNMdqOx3Mf"" (50.79) | #4 ""Danny Salmon @ 5tcvVo6jdw"" (23.10) | #7 ""Ryan Mirdadian @ YfVSqmNcRx"" (1.24) | #8 ""Cal @ aFFqA9i1yY"" (24.26) | #10 ""Robert @ zRtqW5d6Mc"" (34.71)",2022-07-29T04:50:52.015Z,165907025201501
"-- starting hand #16  (No Limit Texas Hold'em) (dealer: ""Robert @ zRtqW5d6Mc"") --",2022-07-29T04:50:52.015Z,165907025201500
"""Gianni @ PNMdqOx3Mf"" shows a A♥, 8♦.",2022-07-29T04:50:48.999Z,165907024899900
"""Ryan Mirdadian @ YfVSqmNcRx"" shows a Q♦, 6♠.",2022-07-29T04:50:48.673Z,165907024867300
"-- ending hand #15 --",2022-07-29T04:50:47.670Z,165907024767002
"""Gianni @ PNMdqOx3Mf"" collected 4.25 from pot",2022-07-29T04:50:47.670Z,165907024767001
"Uncalled bet of 3.18 returned to ""Gianni @ PNMdqOx3Mf""",2022-07-29T04:50:47.670Z,165907024767000
"""Cal @ aFFqA9i1yY"" folds",2022-07-29T04:50:46.821Z,165907024682100
"""Gianni @ PNMdqOx3Mf"" bets 3.18",2022-07-29T04:50:42.797Z,165907024279700
"Turn: J♥, 7♥, 8♥ [9♠]",2022-07-29T04:50:35.271Z,165907023527100
"""Cal @ aFFqA9i1yY"" checks",2022-07-29T04:50:34.406Z,165907023440600
"""Gianni @ PNMdqOx3Mf"" checks",2022-07-29T04:50:32.335Z,165907023233500
"Flop:  [J♥, 7♥, 8♥]",2022-07-29T04:50:27.150Z,165907022715000
"""Gianni @ PNMdqOx3Mf"" calls 2.00",2022-07-29T04:50:26.300Z,165907022630000
"""Robert @ zRtqW5d6Mc"" folds",2022-07-29T04:50:24.194Z,165907022419400
"""Cal @ aFFqA9i1yY"" raises to 2.00",2022-07-29T04:50:23.248Z,165907022324800
"""Ryan Mirdadian @ YfVSqmNcRx"" folds",2022-07-29T04:50:18.480Z,165907021848000
"""Danny Salmon @ 5tcvVo6jdw"" folds",2022-07-29T04:50:17.476Z,165907021747600
"""Gianni @ PNMdqOx3Mf"" posts a big blind of 0.50",2022-07-29T04:50:15.938Z,165907021593808
"""Robert @ zRtqW5d6Mc"" posts a small blind of 0.25",2022-07-29T04:50:15.938Z,165907021593807
"Your hand is 9♦, 5♦",2022-07-29T04:50:15.938Z,165907021593806
"Player stacks: #1 ""Gianni @ PNMdqOx3Mf"" (48.54) | #4 ""Danny Salmon @ 5tcvVo6jdw"" (23.10) | #7 ""Ryan Mirdadian @ YfVSqmNcRx"" (1.24) | #8 ""Cal @ aFFqA9i1yY"" (26.26) | #10 ""Robert @ zRtqW5d6Mc"" (34.96)",2022-07-29T04:50:15.938Z,165907021593801
"-- starting hand #15  (No Limit Texas Hold'em) (dealer: ""Cal @ aFFqA9i1yY"") --",2022-07-29T04:50:15.938Z,165907021593800
"-- ending hand #14 --",2022-07-29T04:50:12.942Z,165907021294202
"""Robert @ zRtqW5d6Mc"" collected 11.24 from pot",2022-07-29T04:50:12.942Z,165907021294201
"Uncalled bet of 3.99 returned to ""Robert @ zRtqW5d6Mc""",2022-07-29T04:50:12.942Z,165907021294200
"""Cal @ aFFqA9i1yY"" folds",2022-07-29T04:50:12.125Z,165907021212500
"""Robert @ zRtqW5d6Mc"" bets 3.99",2022-07-29T04:50:05.610Z,165907020561000
"""Cal @ aFFqA9i1yY"" checks",2022-07-29T04:50:00.072Z,165907020007200
"River: 8♥, 2♦, A♠, 8♣ [7♠]",2022-07-29T04:49:55.304Z,165907019530400
"""Gianni @ PNMdqOx3Mf"" folds",2022-07-29T04:49:54.499Z,165907019449900
"""Robert @ zRtqW5d6Mc"" calls 3.37",2022-07-29T04:49:53.537Z,165907019353700
"""Cal @ aFFqA9i1yY"" bets 3.37",2022-07-29T04:49:51.522Z,165907019152200
"Turn: 8♥, 2♦, A♠ [8♣]",2022-07-29T04:49:45.500Z,165907018550000
"""Gianni @ PNMdqOx3Mf"" checks",2022-07-29T04:49:44.660Z,165907018466000
"""Robert @ zRtqW5d6Mc"" checks",2022-07-29T04:49:43.544Z,165907018354400
"""Cal @ aFFqA9i1yY"" checks",2022-07-29T04:49:38.516Z,165907017851600
"Flop:  [8♥, 2♦, A♠]",2022-07-29T04:49:33.892Z,165907017389200
"""Robert @ zRtqW5d6Mc"" calls 1.50",2022-07-29T04:49:32.976Z,165907017297600
"""Cal @ aFFqA9i1yY"" calls 1.50",2022-07-29T04:49:30.727Z,165907017072700
"""Ryan Mirdadian @ YfVSqmNcRx"" folds",2022-07-29T04:49:27.009Z,165907016700900
"""Danny Salmon @ 5tcvVo6jdw"" folds",2022-07-29T04:49:25.978Z,165907016597800
"""Gianni @ PNMdqOx3Mf"" raises to 1.50",2022-07-29T04:49:25.048Z,165907016504800
"""Robert @ zRtqW5d6Mc"" posts a big blind of 0.50",2022-07-29T04:49:20.705Z,165907016070508
"""Cal @ aFFqA9i1yY"" posts a small blind of 0.25",2022-07-29T04:49:20.705Z,165907016070507
"Your hand is 10♠, A♣",2022-07-29T04:49:20.705Z,165907016070506
"Player stacks: #1 ""Gianni @ PNMdqOx3Mf"" (50.04) | #4 ""Danny Salmon @ 5tcvVo6jdw"" (23.10) | #7 ""Ryan Mirdadian @ YfVSqmNcRx"" (1.24) | #8 ""Cal @ aFFqA9i1yY"" (31.13) | #10 ""Robert @ zRtqW5d6Mc"" (28.59)",2022-07-29T04:49:20.705Z,165907016070501
"-- starting hand #14  (No Limit Texas Hold'em) (dealer: ""Ryan Mirdadian @ YfVSqmNcRx"") --",2022-07-29T04:49:20.705Z,165907016070500
"""Ryan Mirdadian @ YfVSqmNcRx"" shows a A♠, 8♦.",2022-07-29T04:49:17.892Z,165907015789200
"-- ending hand #13 --",2022-07-29T04:49:17.073Z,165907015707302
"""Gianni @ PNMdqOx3Mf"" collected 6.50 from pot",2022-07-29T04:49:17.073Z,165907015707301
"Uncalled bet of 1.50 returned to ""Gianni @ PNMdqOx3Mf""",2022-07-29T04:49:17.073Z,165907015707300
"""Robert @ zRtqW5d6Mc"" folds",2022-07-29T04:49:16.162Z,165907015616200
"""Ryan Mirdadian @ YfVSqmNcRx"" folds",2022-07-29T04:49:09.753Z,165907014975300
"""Gianni @ PNMdqOx3Mf"" bets 1.50",2022-07-29T04:49:08.503Z,165907014850300
"""Robert @ zRtqW5d6Mc"" checks",2022-07-29T04:49:03.682Z,165907014368200
"""Ryan Mirdadian @ YfVSqmNcRx"" checks",2022-07-29T04:49:02.026Z,165907014202600
"Flop:  [2♠, J♦, J♥]",2022-07-29T04:48:54.424Z,165907013442400
"""Cal @ aFFqA9i1yY"" folds",2022-07-29T04:48:53.597Z,165907013359700
"""Ryan Mirdadian @ YfVSqmNcRx"" calls 2.00",2022-07-29T04:48:48.858Z,165907012885800
"""Danny Salmon @ 5tcvVo6jdw"" folds",2022-07-29T04:48:39.713Z,165907011971300
"""Gianni @ PNMdqOx3Mf"" calls 2.00",2022-07-29T04:48:38.727Z,165907011872700
"""Robert @ zRtqW5d6Mc"" raises to 2.00",2022-07-29T04:48:37.553Z,165907011755300
"""Cal @ aFFqA9i1yY"" posts a big blind of 0.50",2022-07-29T04:48:32.793Z,165907011279308
"""Ryan Mirdadian @ YfVSqmNcRx"" posts a small blind of 0.25",2022-07-29T04:48:32.793Z,165907011279307
"Your hand is 9♣, 8♣",2022-07-29T04:48:32.793Z,165907011279306
"Player stacks: #1 ""Gianni @ PNMdqOx3Mf"" (45.54) | #4 ""Danny Salmon @ 5tcvVo6jdw"" (23.10) | #7 ""Ryan Mirdadian @ YfVSqmNcRx"" (3.24) | #8 ""Cal @ aFFqA9i1yY"" (31.63) | #10 ""Robert @ zRtqW5d6Mc"" (30.59)",2022-07-29T04:48:32.793Z,165907011279301
"-- starting hand #13  (No Limit Texas Hold'em) (dealer: ""Danny Salmon @ 5tcvVo6jdw"") --",2022-07-29T04:48:32.793Z,165907011279300
"""Ryan Mirdadian @ YfVSqmNcRx"" shows a Q♠, 5♥.",2022-07-29T04:48:29.271Z,165907010927100
"""Robert @ zRtqW5d6Mc"" shows a K♥, J♦.",2022-07-29T04:48:29.199Z,165907010919900
"-- ending hand #12 --",2022-07-29T04:48:28.462Z,165907010846202
"""Robert @ zRtqW5d6Mc"" collected 1.25 from pot",2022-07-29T04:48:28.462Z,165907010846201
"Uncalled bet of 1.00 returned to ""Robert @ zRtqW5d6Mc""",2022-07-29T04:48:28.462Z,165907010846200
"""Ryan Mirdadian @ YfVSqmNcRx"" folds",2022-07-29T04:48:27.632Z,165907010763200
"""Danny Salmon @ 5tcvVo6jdw"" folds",2022-07-29T04:48:20.670Z,165907010067000
"""Gianni @ PNMdqOx3Mf"" folds",2022-07-29T04:48:19.751Z,165907009975100
"""Robert @ zRtqW5d6Mc"" raises to 1.50",2022-07-29T04:48:18.555Z,165907009855500
"""Cal @ aFFqA9i1yY"" folds",2022-07-29T04:48:13.158Z,165907009315800
"""Ryan Mirdadian @ YfVSqmNcRx"" posts a big blind of 0.50",2022-07-29T04:48:10.799Z,165907009079908
"""Danny Salmon @ 5tcvVo6jdw"" posts a small blind of 0.25",2022-07-29T04:48:10.799Z,165907009079907
"Your hand is K♥, J♦",2022-07-29T04:48:10.799Z,165907009079906
"Player stacks: #1 ""Gianni @ PNMdqOx3Mf"" (45.54) | #4 ""Danny Salmon @ 5tcvVo6jdw"" (23.35) | #7 ""Ryan Mirdadian @ YfVSqmNcRx"" (3.74) | #8 ""Cal @ aFFqA9i1yY"" (31.63) | #10 ""Robert @ zRtqW5d6Mc"" (29.84)",2022-07-29T04:48:10.799Z,165907009079901
"-- starting hand #12  (No Limit Texas Hold'em) (dealer: ""Gianni @ PNMdqOx3Mf"") --",2022-07-29T04:48:10.799Z,165907009079900
"""Ryan Mirdadian @ YfVSqmNcRx"" shows a 4♣, 2♦.",2022-07-29T04:48:08.007Z,165907008800700
"-- ending hand #11 --",2022-07-29T04:48:07.167Z,165907008716702
"""Robert @ zRtqW5d6Mc"" collected 6.00 from pot",2022-07-29T04:48:07.167Z,165907008716701
"Uncalled bet of 2.00 returned to ""Robert @ zRtqW5d6Mc""",2022-07-29T04:48:07.167Z,165907008716700
"""Danny Salmon @ 5tcvVo6jdw"" folds",2022-07-29T04:48:06.275Z,165907008627500
"""Robert @ zRtqW5d6Mc"" bets 2.00",2022-07-29T04:47:57.701Z,165907007770100
"""Danny Salmon @ 5tcvVo6jdw"" checks",2022-07-29T04:47:53.392Z,165907007339200
"Turn: 2♣, A♠, 6♥ [7♠]",2022-07-29T04:47:48.750Z,165907006875000
"""Gianni @ PNMdqOx3Mf"" folds",2022-07-29T04:47:47.924Z,165907006792400
"""Robert @ zRtqW5d6Mc"" calls 1.50",2022-07-29T04:47:45.970Z,165907006597000
"""Danny Salmon @ 5tcvVo6jdw"" bets 1.50",2022-07-29T04:47:41.005Z,165907006100500
"""Gianni @ PNMdqOx3Mf"" checks",2022-07-29T04:47:38.494Z,165907005849400
"Flop:  [2♣, A♠, 6♥]",2022-07-29T04:47:35.339Z,165907005533900
"""Danny Salmon @ 5tcvVo6jdw"" calls 1.00",2022-07-29T04:47:34.436Z,165907005443600
"""Gianni @ PNMdqOx3Mf"" calls 1.00",2022-07-29T04:47:33.483Z,165907005348300
"""Robert @ zRtqW5d6Mc"" raises to 1.00",2022-07-29T04:47:31.555Z,165907005155500
"""Cal @ aFFqA9i1yY"" folds",2022-07-29T04:47:27.017Z,165907004701700
"""Ryan Mirdadian @ YfVSqmNcRx"" folds",2022-07-29T04:47:22.981Z,165907004298100
"""Danny Salmon @ 5tcvVo6jdw"" posts a big blind of 0.50",2022-07-29T04:47:19.608Z,165907003960808
"""Gianni @ PNMdqOx3Mf"" posts a small blind of 0.25",2022-07-29T04:47:19.608Z,165907003960807
"Your hand is K♦, K♥",2022-07-29T04:47:19.608Z,165907003960806
"Player stacks: #1 ""Gianni @ PNMdqOx3Mf"" (46.54) | #4 ""Danny Salmon @ 5tcvVo6jdw"" (25.85) | #7 ""Ryan Mirdadian @ YfVSqmNcRx"" (3.74) | #8 ""Cal @ aFFqA9i1yY"" (31.63) | #10 ""Robert @ zRtqW5d6Mc"" (26.34)",2022-07-29T04:47:19.608Z,165907003960801
"-- starting hand #11  (No Limit Texas Hold'em) (dealer: ""Robert @ zRtqW5d6Mc"") --",2022-07-29T04:47:19.608Z,165907003960800
"""Danny Salmon @ 5tcvVo6jdw"" shows a 10♦, 9♥.",2022-07-29T04:47:16.545Z,165907003654500
"""Ryan Mirdadian @ YfVSqmNcRx"" shows a K♣, Q♥.",2022-07-29T04:47:15.657Z,165907003565700
"""Robert @ zRtqW5d6Mc"" shows a Q♠, J♥.",2022-07-29T04:47:15.136Z,165907003513600
"-- ending hand #10 --",2022-07-29T04:47:14.583Z,165907003458302
"""Gianni @ PNMdqOx3Mf"" collected 18.48 from pot",2022-07-29T04:47:14.583Z,165907003458301
"Uncalled bet of 9.24 returned to ""Gianni @ PNMdqOx3Mf""",2022-07-29T04:47:14.583Z,165907003458300
"""Robert @ zRtqW5d6Mc"" folds",2022-07-29T04:47:13.717Z,165907003371700
"""Danny Salmon @ 5tcvVo6jdw"" folds",2022-07-29T04:47:08.353Z,165907002835300
"""Gianni @ PNMdqOx3Mf"" bets 9.24",2022-07-29T04:47:05.631Z,165907002563100
"""Robert @ zRtqW5d6Mc"" checks",2022-07-29T04:47:00.927Z,165907002092700
"River: J♣, 8♠, 5♣, 8♣ [9♠]",2022-07-29T04:46:56.121Z,165907001612100
"""Danny Salmon @ 5tcvVo6jdw"" checks",2022-07-29T04:46:55.285Z,165907001528500
"""Gianni @ PNMdqOx3Mf"" checks",2022-07-29T04:46:51.045Z,165907001104500
"""Robert @ zRtqW5d6Mc"" checks",2022-07-29T04:46:46.380Z,165907000638000
"Turn: J♣, 8♠, 5♣ [8♣]",2022-07-29T04:46:43.668Z,165907000366800
"""Danny Salmon @ 5tcvVo6jdw"" calls 5.04",2022-07-29T04:46:42.735Z,165907000273500
"""Gianni @ PNMdqOx3Mf"" calls 5.04",2022-07-29T04:46:41.082Z,165907000108200
"""Robert @ zRtqW5d6Mc"" raises to 5.04",2022-07-29T04:46:38.997Z,165906999899700
"""Danny Salmon @ 5tcvVo6jdw"" calls 2.52",2022-07-29T04:46:28.548Z,165906998854800
"""Gianni @ PNMdqOx3Mf"" bets 2.52",2022-07-29T04:46:27.284Z,165906998728400
"""Robert @ zRtqW5d6Mc"" checks",2022-07-29T04:46:22.154Z,165906998215400
"Flop:  [J♣, 8♠, 5♣]",2022-07-29T04:46:18.838Z,165906997883800
"""Gianni @ PNMdqOx3Mf"" calls 1.12",2022-07-29T04:46:17.978Z,165906997797800
"""Robert @ zRtqW5d6Mc"" calls 1.12",2022-07-29T04:46:16.492Z,165906997649200
"""Cal @ aFFqA9i1yY"" folds",2022-07-29T04:46:15.131Z,165906997513100
"""Ryan Mirdadian @ YfVSqmNcRx"" folds",2022-07-29T04:46:14.182Z,165906997418200
"""Danny Salmon @ 5tcvVo6jdw"" raises to 1.12",2022-07-29T04:46:02.300Z,165906996230000
"""Gianni @ PNMdqOx3Mf"" posts a big blind of 0.50",2022-07-29T04:45:59.667Z,165906995966708
"""Robert @ zRtqW5d6Mc"" posts a small blind of 0.25",2022-07-29T04:45:59.667Z,165906995966707
"Your hand is Q♠, J♥",2022-07-29T04:45:59.667Z,165906995966706
"Player stacks: #1 ""Gianni @ PNMdqOx3Mf"" (34.22) | #4 ""Danny Salmon @ 5tcvVo6jdw"" (32.01) | #7 ""Ryan Mirdadian @ YfVSqmNcRx"" (3.74) | #8 ""Cal @ aFFqA9i1yY"" (31.63) | #10 ""Robert @ zRtqW5d6Mc"" (32.50)",2022-07-29T04:45:59.667Z,165906995966701
"-- starting hand #10  (No Limit Texas Hold'em) (dealer: ""Cal @ aFFqA9i1yY"") --",2022-07-29T04:45:59.667Z,165906995966700
"""Ryan Mirdadian @ YfVSqmNcRx"" shows a 4♣, Q♥.",2022-07-29T04:45:57.191Z,165906995719100
"-- ending hand #9 --",2022-07-29T04:45:56.012Z,165906995601202
"""Danny Salmon @ 5tcvVo6jdw"" collected 1.25 from pot",2022-07-29T04:45:56.012Z,165906995601201
"Uncalled bet of 0.93 returned to ""Danny Salmon @ 5tcvVo6jdw""",2022-07-29T04:45:56.012Z,165906995601200
"""Robert @ zRtqW5d6Mc"" folds",2022-07-29T04:45:55.123Z,165906995512300
"""Cal @ aFFqA9i1yY"" folds",2022-07-29T04:45:54.103Z,165906995410300
"""Ryan Mirdadian @ YfVSqmNcRx"" folds",2022-07-29T04:45:51.017Z,165906995101700
"""Danny Salmon @ 5tcvVo6jdw"" raises to 1.43",2022-07-29T04:45:48.972Z,165906994897200
"""Gianni @ PNMdqOx3Mf"" folds",2022-07-29T04:45:40.180Z,165906994018000
"""Robert @ zRtqW5d6Mc"" posts a big blind of 0.50",2022-07-29T04:45:38.450Z,165906993845008
"""Cal @ aFFqA9i1yY"" posts a small blind of 0.25",2022-07-29T04:45:38.450Z,165906993845007
"Your hand is Q♦, 9♠",2022-07-29T04:45:38.450Z,165906993845006
"Player stacks: #1 ""Gianni @ PNMdqOx3Mf"" (34.22) | #4 ""Danny Salmon @ 5tcvVo6jdw"" (31.26) | #7 ""Ryan Mirdadian @ YfVSqmNcRx"" (3.74) | #8 ""Cal @ aFFqA9i1yY"" (31.88) | #10 ""Robert @ zRtqW5d6Mc"" (33.00)",2022-07-29T04:45:38.450Z,165906993845001
"-- starting hand #9  (No Limit Texas Hold'em) (dealer: ""Ryan Mirdadian @ YfVSqmNcRx"") --",2022-07-29T04:45:38.450Z,165906993845000
"""Ryan Mirdadian @ YfVSqmNcRx"" shows a 2♠, K♦.",2022-07-29T04:45:35.535Z,165906993553500
"-- ending hand #8 --",2022-07-29T04:45:34.809Z,165906993480902
"""Ryan Mirdadian @ YfVSqmNcRx"" collected 1.50 from pot",2022-07-29T04:45:34.809Z,165906993480901
"Uncalled bet of 2.24 returned to ""Ryan Mirdadian @ YfVSqmNcRx""",2022-07-29T04:45:34.809Z,165906993480900
"""Danny Salmon @ 5tcvVo6jdw"" folds",2022-07-29T04:45:33.919Z,165906993391900
"""Cal @ aFFqA9i1yY"" folds",2022-07-29T04:45:32.937Z,165906993293700
"""Ryan Mirdadian @ YfVSqmNcRx"" bets 2.24 and go all in",2022-07-29T04:45:30.968Z,165906993096800
"Flop:  [7♦, 7♠, 2♣]",2022-07-29T04:45:22.976Z,165906992297600
"""Cal @ aFFqA9i1yY"" checks",2022-07-29T04:45:22.147Z,165906992214700
"""Ryan Mirdadian @ YfVSqmNcRx"" calls 0.50",2022-07-29T04:45:18.587Z,165906991858700
"""Danny Salmon @ 5tcvVo6jdw"" calls 0.50",2022-07-29T04:45:16.111Z,165906991611100
"""Gianni @ PNMdqOx3Mf"" folds",2022-07-29T04:45:10.046Z,165906991004600
"""Robert @ zRtqW5d6Mc"" folds",2022-07-29T04:45:08.732Z,165906990873200
"""Cal @ aFFqA9i1yY"" posts a big blind of 0.50",2022-07-29T04:45:07.348Z,165906990734808
"""Ryan Mirdadian @ YfVSqmNcRx"" posts a small blind of 0.25",2022-07-29T04:45:07.348Z,165906990734807
"Your hand is 9♠, 7♥",2022-07-29T04:45:07.348Z,165906990734806
"Player stacks: #1 ""Gianni @ PNMdqOx3Mf"" (34.22) | #4 ""Danny Salmon @ 5tcvVo6jdw"" (31.76) | #7 ""Ryan Mirdadian @ YfVSqmNcRx"" (2.74) | #8 ""Cal @ aFFqA9i1yY"" (32.38) | #10 ""Robert @ zRtqW5d6Mc"" (33.00)",2022-07-29T04:45:07.348Z,165906990734801
"-- starting hand #8  (No Limit Texas Hold'em) (dealer: ""Danny Salmon @ 5tcvVo6jdw"") --",2022-07-29T04:45:07.348Z,165906990734800
"-- ending hand #7 --",2022-07-29T04:45:04.345Z,165906990434502
"""Danny Salmon @ 5tcvVo6jdw"" collected 7.49 from pot",2022-07-29T04:45:04.345Z,165906990434501
"Uncalled bet of 2.74 returned to ""Danny Salmon @ 5tcvVo6jdw""",2022-07-29T04:45:04.345Z,165906990434500
"""Ryan Mirdadian @ YfVSqmNcRx"" folds",2022-07-29T04:45:03.425Z,165906990342500
"""Danny Salmon @ 5tcvVo6jdw"" bets 2.74",2022-07-29T04:45:01.917Z,165906990191700
"River: A♣, J♣, 5♠, 2♠ [K♥]",2022-07-29T04:44:54.196Z,165906989419600
"""Ryan Mirdadian @ YfVSqmNcRx"" checks",2022-07-29T04:44:53.375Z,165906989337500
"""Danny Salmon @ 5tcvVo6jdw"" checks",2022-07-29T04:44:51.815Z,165906989181500
"Turn: A♣, J♣, 5♠ [2♠]",2022-07-29T04:44:49.991Z,165906988999100
"""Robert @ zRtqW5d6Mc"" folds",2022-07-29T04:44:49.183Z,165906988918300
"""Ryan Mirdadian @ YfVSqmNcRx"" calls 1.87",2022-07-29T04:44:47.410Z,165906988741000
"""Danny Salmon @ 5tcvVo6jdw"" bets 1.87",2022-07-29T04:44:40.211Z,165906988021100
"Flop:  [A♣, J♣, 5♠]",2022-07-29T04:44:35.317Z,165906987531700
"""Robert @ zRtqW5d6Mc"" calls 1.25",2022-07-29T04:44:34.412Z,165906987441200
"""Ryan Mirdadian @ YfVSqmNcRx"" calls 1.25",2022-07-29T04:44:33.226Z,165906987322600
"""Danny Salmon @ 5tcvVo6jdw"" raises to 1.25",2022-07-29T04:44:29.346Z,165906986934600
"""Gianni @ PNMdqOx3Mf"" folds",2022-07-29T04:44:25.033Z,165906986503300
"""Robert @ zRtqW5d6Mc"" calls 0.50",2022-07-29T04:44:24.041Z,165906986404100
"""Cal @ aFFqA9i1yY"" folds",2022-07-29T04:44:21.002Z,165906986100200
"""Ryan Mirdadian @ YfVSqmNcRx"" posts a big blind of 0.50",2022-07-29T04:44:19.703Z,165906985970308
"""Danny Salmon @ 5tcvVo6jdw"" posts a small blind of 0.25",2022-07-29T04:44:19.703Z,165906985970307
"Your hand is 6♥, 4♥",2022-07-29T04:44:19.703Z,165906985970306
"Player stacks: #1 ""Gianni @ PNMdqOx3Mf"" (34.22) | #4 ""Danny Salmon @ 5tcvVo6jdw"" (27.39) | #7 ""Ryan Mirdadian @ YfVSqmNcRx"" (5.86) | #8 ""Cal @ aFFqA9i1yY"" (32.38) | #10 ""Robert @ zRtqW5d6Mc"" (34.25)",2022-07-29T04:44:19.703Z,165906985970301
"-- starting hand #7  (No Limit Texas Hold'em) (dealer: ""Gianni @ PNMdqOx3Mf"") --",2022-07-29T04:44:19.703Z,165906985970300
"-- ending hand #6 --",2022-07-29T04:44:16.704Z,165906985670402
"""Danny Salmon @ 5tcvVo6jdw"" collected 4.49 from pot",2022-07-29T04:44:16.704Z,165906985670401
"Uncalled bet of 2.24 returned to ""Danny Salmon @ 5tcvVo6jdw""",2022-07-29T04:44:16.704Z,165906985670400
"""Ryan Mirdadian @ YfVSqmNcRx"" folds",2022-07-29T04:44:15.802Z,165906985580200
"""Danny Salmon @ 5tcvVo6jdw"" bets 2.24",2022-07-29T04:44:13.010Z,165906985301000
"Flop:  [K♠, 4♦, 5♦]",2022-07-29T04:44:07.489Z,165906984748900
"""Ryan Mirdadian @ YfVSqmNcRx"" calls 2.12",2022-07-29T04:44:06.623Z,165906984662300
"""Danny Salmon @ 5tcvVo6jdw"" raises to 2.12",2022-07-29T04:43:57.476Z,165906983747600
"""Gianni @ PNMdqOx3Mf"" folds",2022-07-29T04:43:53.194Z,165906983319400
"""Robert @ zRtqW5d6Mc"" folds",2022-07-29T04:43:52.166Z,165906983216600
"""Cal @ aFFqA9i1yY"" folds",2022-07-29T04:43:51.184Z,165906983118400
"""Ryan Mirdadian @ YfVSqmNcRx"" raises to 1.00",2022-07-29T04:43:50.235Z,165906983023500
"""Danny Salmon @ 5tcvVo6jdw"" posts a big blind of 0.50",2022-07-29T04:43:38.087Z,165906981808708
"""Gianni @ PNMdqOx3Mf"" posts a small blind of 0.25",2022-07-29T04:43:38.087Z,165906981808707
"Your hand is 2♠, 4♥",2022-07-29T04:43:38.087Z,165906981808706
"Player stacks: #1 ""Gianni @ PNMdqOx3Mf"" (34.47) | #4 ""Danny Salmon @ 5tcvVo6jdw"" (25.02) | #7 ""Ryan Mirdadian @ YfVSqmNcRx"" (7.98) | #8 ""Cal @ aFFqA9i1yY"" (32.38) | #10 ""Robert @ zRtqW5d6Mc"" (34.25)",2022-07-29T04:43:38.087Z,165906981808701
"-- starting hand #6  (No Limit Texas Hold'em) (dealer: ""Robert @ zRtqW5d6Mc"") --",2022-07-29T04:43:38.087Z,165906981808700
"""Gianni @ PNMdqOx3Mf"" shows a 10♣, K♥.",2022-07-29T04:43:36.825Z,165906981682500
"-- ending hand #5 --",2022-07-29T04:43:34.450Z,165906981445002
"""Gianni @ PNMdqOx3Mf"" collected 9.45 from pot",2022-07-29T04:43:34.450Z,165906981445001
"Uncalled bet of 4.72 returned to ""Gianni @ PNMdqOx3Mf""",2022-07-29T04:43:34.450Z,165906981445000
"""Danny Salmon @ 5tcvVo6jdw"" folds",2022-07-29T04:43:33.598Z,165906981359800
"""Gianni @ PNMdqOx3Mf"" bets 4.72",2022-07-29T04:43:05.951Z,165906978595100
"Turn: 2♠, A♦, 9♥ [3♠]",2022-07-29T04:42:59.207Z,165906977920700
"""Gianni @ PNMdqOx3Mf"" calls 2.36",2022-07-29T04:42:58.395Z,165906977839500
"""Cal @ aFFqA9i1yY"" folds",2022-07-29T04:42:54.113Z,165906977411300
"""Ryan Mirdadian @ YfVSqmNcRx"" folds",2022-07-29T04:42:52.099Z,165906977209900
"""Danny Salmon @ 5tcvVo6jdw"" bets 2.36",2022-07-29T04:42:49.810Z,165906976981000
"""Gianni @ PNMdqOx3Mf"" checks",2022-07-29T04:42:46.805Z,165906976680500
"Flop:  [2♠, A♦, 9♥]",2022-07-29T04:42:43.760Z,165906976376000
"""Gianni @ PNMdqOx3Mf"" calls 1.12",2022-07-29T04:42:42.953Z,165906976295300
"""Robert @ zRtqW5d6Mc"" folds",2022-07-29T04:42:41.469Z,165906976146900
"""Cal @ aFFqA9i1yY"" calls 1.12",2022-07-29T04:42:40.510Z,165906976051000
"""Ryan Mirdadian @ YfVSqmNcRx"" calls 1.12",2022-07-29T04:42:37.633Z,165906975763300
"""Danny Salmon @ 5tcvVo6jdw"" raises to 1.12",2022-07-29T04:42:29.618Z,165906974961800
"""Gianni @ PNMdqOx3Mf"" posts a big blind of 0.50",2022-07-29T04:42:25.595Z,165906974559508
"""Robert @ zRtqW5d6Mc"" posts a small blind of 0.25",2022-07-29T04:42:25.595Z,165906974559507
"Your hand is 6♦, 5♣",2022-07-29T04:42:25.595Z,165906974559506
"Player stacks: #1 ""Gianni @ PNMdqOx3Mf"" (28.50) | #4 ""Danny Salmon @ 5tcvVo6jdw"" (28.50) | #7 ""Ryan Mirdadian @ YfVSqmNcRx"" (9.10) | #8 ""Cal @ aFFqA9i1yY"" (33.50) | #10 ""Robert @ zRtqW5d6Mc"" (34.50)",2022-07-29T04:42:25.595Z,165906974559501
"-- starting hand #5  (No Limit Texas Hold'em) (dealer: ""Cal @ aFFqA9i1yY"") --",2022-07-29T04:42:25.595Z,165906974559500
"""Ryan Mirdadian @ YfVSqmNcRx"" shows a 6♦, 3♦.",2022-07-29T04:42:22.693Z,165906974269300
"-- ending hand #4 --",2022-07-29T04:42:21.972Z,165906974197202
"""Cal @ aFFqA9i1yY"" collected 6.00 from pot",2022-07-29T04:42:21.972Z,165906974197201
"Uncalled bet of 1.93 returned to ""Cal @ aFFqA9i1yY""",2022-07-29T04:42:21.972Z,165906974197200
"""Robert @ zRtqW5d6Mc"" folds",2022-07-29T04:42:21.159Z,165906974115900
"""Cal @ aFFqA9i1yY"" bets 1.93",2022-07-29T04:42:13.438Z,165906973343800
"Flop:  [5♥, 5♦, 7♥]",2022-07-29T04:42:03.743Z,165906972374300
"""Ryan Mirdadian @ YfVSqmNcRx"" folds",2022-07-29T04:42:02.882Z,165906972288200
"""Danny Salmon @ 5tcvVo6jdw"" folds",2022-07-29T04:42:01.920Z,165906972192000
"""Robert @ zRtqW5d6Mc"" calls 2.50",2022-07-29T04:41:58.101Z,165906971810100
"""Cal @ aFFqA9i1yY"" raises to 2.50",2022-07-29T04:41:56.707Z,165906971670700
"""Ryan Mirdadian @ YfVSqmNcRx"" calls 0.50",2022-07-29T04:41:52.012Z,165906971201200
"""Danny Salmon @ 5tcvVo6jdw"" calls 0.50",2022-07-29T04:41:48.816Z,165906970881600
"""Gianni @ PNMdqOx3Mf"" folds",2022-07-29T04:41:47.161Z,165906970716100
"""Robert @ zRtqW5d6Mc"" posts a big blind of 0.50",2022-07-29T04:41:45.497Z,165906970549708
"""Cal @ aFFqA9i1yY"" posts a small blind of 0.25",2022-07-29T04:41:45.497Z,165906970549707
"Your hand is Q♠, J♦",2022-07-29T04:41:45.497Z,165906970549706
"Player stacks: #1 ""Gianni @ PNMdqOx3Mf"" (28.50) | #4 ""Danny Salmon @ 5tcvVo6jdw"" (29.00) | #7 ""Ryan Mirdadian @ YfVSqmNcRx"" (9.60) | #8 ""Cal @ aFFqA9i1yY"" (30.00) | #10 ""Robert @ zRtqW5d6Mc"" (37.00)",2022-07-29T04:41:45.497Z,165906970549701
"-- starting hand #4  (No Limit Texas Hold'em) (dealer: ""Ryan Mirdadian @ YfVSqmNcRx"") --",2022-07-29T04:41:45.497Z,165906970549700
"""Ryan Mirdadian @ YfVSqmNcRx"" shows a A♠, 4♠.",2022-07-29T04:41:43.431Z,165906970343100
"""Robert @ zRtqW5d6Mc"" shows a K♠, A♥.",2022-07-29T04:41:42.215Z,165906970221500
"-- ending hand #3 --",2022-07-29T04:41:41.186Z,165906970118602
"""Robert @ zRtqW5d6Mc"" collected 8.00 from pot",2022-07-29T04:41:41.186Z,165906970118601
"Uncalled bet of 2.00 returned to ""Robert @ zRtqW5d6Mc""",2022-07-29T04:41:41.186Z,165906970118600
"""Ryan Mirdadian @ YfVSqmNcRx"" folds",2022-07-29T04:41:40.350Z,165906970035000
"""Robert @ zRtqW5d6Mc"" raises to 3.00",2022-07-29T04:41:30.260Z,165906969026000
"""Cal @ aFFqA9i1yY"" folds",2022-07-29T04:41:24.848Z,165906968484800
"""Ryan Mirdadian @ YfVSqmNcRx"" bets 1.00",2022-07-29T04:41:22.448Z,165906968244800
"Flop:  [10♦, 6♦, 8♠]",2022-07-29T04:41:13.015Z,165906967301500
"""Cal @ aFFqA9i1yY"" calls 2.00",2022-07-29T04:41:12.201Z,165906967220100
"""Ryan Mirdadian @ YfVSqmNcRx"" calls 2.00",2022-07-29T04:41:06.803Z,165906966680300
"""Danny Salmon @ 5tcvVo6jdw"" folds",2022-07-29T04:41:03.267Z,165906966326700
"""Gianni @ PNMdqOx3Mf"" folds",2022-07-29T04:40:56.042Z,165906965604200
"""Robert @ zRtqW5d6Mc"" raises to 2.00",2022-07-29T04:40:54.198Z,165906965419800
"""Cal @ aFFqA9i1yY"" posts a big blind of 0.50",2022-07-29T04:40:49.542Z,165906964954208
"""Ryan Mirdadian @ YfVSqmNcRx"" posts a small blind of 0.25",2022-07-29T04:40:49.542Z,165906964954207
"Your hand is K♠, A♥",2022-07-29T04:40:49.542Z,165906964954206
"Player stacks: #1 ""Gianni @ PNMdqOx3Mf"" (28.50) | #4 ""Danny Salmon @ 5tcvVo6jdw"" (29.00) | #7 ""Ryan Mirdadian @ YfVSqmNcRx"" (12.60) | #8 ""Cal @ aFFqA9i1yY"" (32.00) | #10 ""Robert @ zRtqW5d6Mc"" (32.00)",2022-07-29T04:40:49.542Z,165906964954201
"-- starting hand #3  (No Limit Texas Hold'em) (dealer: ""Danny Salmon @ 5tcvVo6jdw"") --",2022-07-29T04:40:49.542Z,165906964954200
"""Ryan Mirdadian @ YfVSqmNcRx"" shows a 10♦, 3♠.",2022-07-29T04:40:48.427Z,165906964842700
"-- ending hand #2 --",2022-07-29T04:40:45.872Z,165906964587202
"""Cal @ aFFqA9i1yY"" collected 3.50 from pot",2022-07-29T04:40:45.872Z,165906964587201
"Uncalled bet of 1.75 returned to ""Cal @ aFFqA9i1yY""",2022-07-29T04:40:45.872Z,165906964587200
"""Danny Salmon @ 5tcvVo6jdw"" folds",2022-07-29T04:40:45.027Z,165906964502700
"""Cal @ aFFqA9i1yY"" bets 1.75",2022-07-29T04:40:36.307Z,165906963630700
"""Danny Salmon @ 5tcvVo6jdw"" checks",2022-07-29T04:40:29.048Z,165906962904800
"Flop:  [3♦, K♣, 4♦]",2022-07-29T04:40:26.058Z,165906962605800
"""Ryan Mirdadian @ YfVSqmNcRx"" folds",2022-07-29T04:40:25.236Z,165906962523600
"""Danny Salmon @ 5tcvVo6jdw"" calls 1.50",2022-07-29T04:40:20.773Z,165906962077300
"""Gianni @ PNMdqOx3Mf"" folds",2022-07-29T04:40:17.609Z,165906961760900
"""Robert @ zRtqW5d6Mc"" folds",2022-07-29T04:40:16.623Z,165906961662300
"""Cal @ aFFqA9i1yY"" raises to 1.50",2022-07-29T04:40:15.686Z,165906961568600
"""Ryan Mirdadian @ YfVSqmNcRx"" posts a big blind of 0.50",2022-07-29T04:40:10.624Z,165906961062408
"""Danny Salmon @ 5tcvVo6jdw"" posts a small blind of 0.25",2022-07-29T04:40:10.624Z,165906961062407
"Your hand is 2♠, 9♥",2022-07-29T04:40:10.624Z,165906961062406
"Player stacks: #1 ""Gianni @ PNMdqOx3Mf"" (28.50) | #4 ""Danny Salmon @ 5tcvVo6jdw"" (30.50) | #7 ""Ryan Mirdadian @ YfVSqmNcRx"" (13.10) | #8 ""Cal @ aFFqA9i1yY"" (30.00) | #10 ""Robert @ zRtqW5d6Mc"" (32.00)",2022-07-29T04:40:10.624Z,165906961062401
"-- starting hand #2  (No Limit Texas Hold'em) (dealer: ""Gianni @ PNMdqOx3Mf"") --",2022-07-29T04:40:10.624Z,165906961062400
"""Ryan Mirdadian @ YfVSqmNcRx"" shows a A♠, 8♦.",2022-07-29T04:40:08.764Z,165906960876400
"""Robert @ zRtqW5d6Mc"" shows a A♦, K♣.",2022-07-29T04:40:07.235Z,165906960723500
"-- ending hand #1 --",2022-07-29T04:40:06.301Z,165906960630102
"""Robert @ zRtqW5d6Mc"" collected 3.50 from pot",2022-07-29T04:40:06.301Z,165906960630101
"Uncalled bet of 2.00 returned to ""Robert @ zRtqW5d6Mc""",2022-07-29T04:40:06.301Z,165906960630100
"""Gianni @ PNMdqOx3Mf"" folds",2022-07-29T04:40:05.455Z,165906960545500
"""Robert @ zRtqW5d6Mc"" bets 2.00",2022-07-29T04:40:04.024Z,165906960402400
"""Gianni @ PNMdqOx3Mf"" checks",2022-07-29T04:39:53.988Z,165906959398800
"Flop:  [4♥, 2♠, 5♥]",2022-07-29T04:39:47.281Z,165906958728100
"""Danny Salmon @ 5tcvVo6jdw"" folds",2022-07-29T04:39:46.380Z,165906958638000
"""Gianni @ PNMdqOx3Mf"" calls 1.50",2022-07-29T04:39:45.438Z,165906958543800
"""Robert @ zRtqW5d6Mc"" raises to 1.50",2022-07-29T04:39:43.714Z,165906958371400
"""Cal @ aFFqA9i1yY"" folds",2022-07-29T04:39:40.068Z,165906958006800
"""Ryan Mirdadian @ YfVSqmNcRx"" folds",2022-07-29T04:39:38.150Z,165906957815000
"""Danny Salmon @ 5tcvVo6jdw"" posts a big blind of 0.50",2022-07-29T04:39:23.141Z,165906956314113
"""Gianni @ PNMdqOx3Mf"" posts a small blind of 0.25",2022-07-29T04:39:23.141Z,165906956314112
"Your hand is A♦, K♣",2022-07-29T04:39:23.141Z,165906956314111
"Player stacks: #1 ""Gianni @ PNMdqOx3Mf"" (30.00) | #4 ""Danny Salmon @ 5tcvVo6jdw"" (31.00) | #7 ""Ryan Mirdadian @ YfVSqmNcRx"" (13.10) | #8 ""Cal @ aFFqA9i1yY"" (30.00) | #10 ""Robert @ zRtqW5d6Mc"" (30.00)",2022-07-29T04:39:23.141Z,165906956314106
"The player ""Robert @ zRtqW5d6Mc"" joined the game with a stack of 30.00.",2022-07-29T04:39:23.141Z,165906956314105
"The player ""Cal @ aFFqA9i1yY"" joined the game with a stack of 30.00.",2022-07-29T04:39:23.141Z,165906956314104
"The player ""Ryan Mirdadian @ YfVSqmNcRx"" joined the game with a stack of 13.10.",2022-07-29T04:39:23.141Z,165906956314103
"The player ""Danny Salmon @ 5tcvVo6jdw"" joined the game with a stack of 31.00.",2022-07-29T04:39:23.141Z,165906956314102
"The player ""Gianni @ PNMdqOx3Mf"" joined the game with a stack of 30.00.",2022-07-29T04:39:23.141Z,165906956314101
"-- starting hand #1  (No Limit Texas Hold'em) (dealer: ""Robert @ zRtqW5d6Mc"") --",2022-07-29T04:39:23.141Z,165906956314100
"The admin approved the player ""Gianni @ PNMdqOx3Mf"" participation with a stack of 30.00.",2022-07-29T04:38:21.473Z,165906950147300
"The player ""Gianni @ PNMdqOx3Mf"" requested a seat.",2022-07-29T04:38:06.906Z,165906948690600
"The admin approved the player ""Ryan Mirdadian @ YfVSqmNcRx"" participation with a stack of 13.10.",2022-07-29T04:37:32.462Z,165906945246200
"The player ""Ryan Mirdadian @ YfVSqmNcRx"" requested a seat.",2022-07-29T04:37:27.759Z,165906944775900
"The admin approved the player ""Danny Salmon @ 5tcvVo6jdw"" participation with a stack of 31.00.",2022-07-29T04:36:47.904Z,165906940790400
"The player ""Danny Salmon @ 5tcvVo6jdw"" requested a seat.",2022-07-29T04:36:39.742Z,165906939974200
"The admin approved the player ""Robert @ zRtqW5d6Mc"" participation with a stack of 30.00.",2022-07-29T04:31:43.496Z,165906910349600
"The player ""Robert @ zRtqW5d6Mc"" requested a seat.",2022-07-29T04:31:07.486Z,165906906748600
"The admin updated the player ""Cal @ aFFqA9i1yY"" stack from 0.10 to 30.00.",2022-07-29T04:27:48.762Z,165906886876201
"WARNING: the admin queued the stack change for the player ""Cal @ aFFqA9i1yY"" adding 29.90 chips in the next hand.",2022-07-29T04:27:48.762Z,165906886876200
"The game's ante was changed from 0.00 to 0.00.",2022-07-29T04:27:41.679Z,165906886167902
"The game's big blind was changed from 0.20 to 0.50.",2022-07-29T04:27:41.679Z,165906886167901
"The game's small blind was changed from 0.10 to 0.25.",2022-07-29T04:27:41.679Z,165906886167900
"The admin approved the player ""Cal @ aFFqA9i1yY"" participation with a stack of 10.",2022-07-29T04:27:17.212Z,165906883721201
"The player ""Cal @ aFFqA9i1yY"" requested a seat.",2022-07-29T04:27:17.212Z,165906883721200
